[hub_server] Colosseum hub + Heroes + Summon + Battle on http://127.0.0.1:8767
[hub_server] Live battle WebSocket on ws://127.0.0.1:8766
[hub_server:http] "GET / HTTP/1.1" 200 -
[hub_server:http] "GET /battle/battlemap.js HTTP/1.1" 200 -
[hub_server:http] "GET /hub3d/hub3d.js HTTP/1.1" 200 -
[hub_server:http] "GET /hub3d/jrpgmenu.js HTTP/1.1" 200 -
[hub_server:http] "POST /api/story/slave HTTP/1.1" 200 -
[hub_server:http] "GET /hub3d/envfx.js HTTP/1.1" 200 -
[hub_server:http] "GET /assets/Artwork/Background.webp HTTP/1.1" 200 -
[hub_server:http] "GET /api/state HTTP/1.1" 200 -
[hub_server:http] "GET /assets/Music/Main/Main.mp3 HTTP/1.1" 200 -
[hub_server:http] "GET /assets/Bosses/ColliseumChamp/ColliseumChamp-Portrait.webp HTTP/1.1" 200 -
[hub_server:http] "GET /assets/Portraits/Bran.webp HTTP/1.1" 200 -
[hub_server:http] "GET /hub3d/island.json HTTP/1.1" 200 -
[hub_server:http] "GET /hub3d/sprites.json HTTP/1.1" 200 -
[hub_server:http] "GET /assets/3D/Paradise/SM_ocean.glb HTTP/1.1" 200 -
[hub_server:http] "GET /assets/3D/Stylized/SM_Stylized_Lamp_C.glb HTTP/1.1" 200 -
[hub_server:http] "GET /assets/3D/Stylized/SM_Stylized_Bench.glb HTTP/1.1" 200 -
[hub_server:http] "GET /assets/3D/Stylized/SM_Stylized_Table_A.glb HTTP/1.1" 200 -
[hub_server:http] "GET /assets/3D/Stylized/SM_Stylized_Fountain.glb HTTP/1.1" 200 -
[hub_server:http] "GET /assets/3D/Stylized/SM_Stylized_Basket.glb HTTP/1.1" 200 -
[hub_server:http] "GET /assets/3D/Stylized/SM_Stylized_Box_var1.glb HTTP/1.1" 200 -
[hub_server:http] "GET /assets/3D/Stylized/_Stylized_Barrel.glb HTTP/1.1" 200 -
[hub_server:http] "GET /assets/3D/Stylized/SM_Door_Wall_01_wcream.glb HTTP/1.1" 200 -
[hub_server:http] "GET /assets/3D/Paradise/SM_island_ground.glb HTTP/1.1" 200 -
[hub_server:http] "GET /assets/3D/Stylized/SM_Large_Wall_02_wcream.glb HTTP/1.1" 200 -
[hub_server:http] "GET /assets/3D/Stylized/SM_Large_Wall_03_wcream.glb HTTP/1.1" 200 -
[hub_server:http] "GET /assets/3D/Stylized/SM_Window_Wall_01_wcream.glb HTTP/1.1" 200 -
[hub_server:http] "GET /assets/3D/Stylized/SM_Window_Wall_02_wcream.glb HTTP/1.1" 200 -
[hub_server:http] "GET /assets/3D/Stylized/SM_Roof_02_rred.glb HTTP/1.1" 200 -
[hub_server:http] "GET /assets/3D/Stylized/SM_Door_01.glb HTTP/1.1" 200 -
[hub_server:http] "GET /assets/3D/Stylized/SM_Roof_Wall_wcream.glb HTTP/1.1" 200 -
[hub_server:http] "GET /assets/3D/Stylized/SM_Door_Wall_01_wsand.glb HTTP/1.1" 200 -
[hub_server:http] "GET /assets/3D/Stylized/SM_Window_Wall_01_wsand.glb HTTP/1.1" 200 -
[hub_server:http] "GET /assets/3D/Stylized/SM_Large_Wall_02_wsand.glb HTTP/1.1" 200 -
[hub_server:http] "GET /assets/3D/Stylized/SM_Large_Wall_03_wsand.glb HTTP/1.1" 200 -
[hub_server:http] "GET /assets/3D/Stylized/SM_Roof_02_rbrown.glb HTTP/1.1" 200 -
[hub_server:http] "GET /assets/3D/Stylized/SM_Chimney.glb HTTP/1.1" 200 -
[hub_server:http] "GET /assets/3D/Stylized/SM_Stylized_Table_B.glb HTTP/1.1" 200 -
[hub_server:http] "GET /assets/3D/Stylized/SM_Stylized_Box_var2.glb HTTP/1.1" 200 -
[hub_server:http] "GET /assets/3D/Stylized/SM_Roof_Wall_wsand.glb HTTP/1.1" 200 -
[hub_server:http] "GET /assets/3D/Stylized/SM_Mill.glb HTTP/1.1" 200 -
[hub_server:http] "GET /assets/3D/Stylized/SM_Sunflower.glb HTTP/1.1" 200 -
[hub_server:http] "GET /assets/3D/Stylized/SM_Door_Wall_01_wstone.glb HTTP/1.1" 200 -
[hub_server:http] "GET /assets/3D/Stylized/SM_Stylized_Fence_01.glb HTTP/1.1" 200 -
[hub_server:http] "GET /assets/3D/Stylized/SM_Window_Wall_01_wstone.glb HTTP/1.1" 200 -
[hub_server:http] "GET /assets/3D/Stylized/SM_Large_Wall_02_wstone.glb HTTP/1.1" 200 -
[hub_server:http] "GET /assets/3D/Stylized/SM_Large_Wall_03_wstone.glb HTTP/1.1" 200 -
[hub_server:http] "GET /assets/3D/Stylized/SM_Window_Wall_02_wstone.glb HTTP/1.1" 200 -
[hub_server:http] "GET /assets/3D/Stylized/SM_Roof_Wall_wstone.glb HTTP/1.1" 200 -
[hub_server:http] "GET /assets/3D/Stylized/SM_Large_Wall_02_wblue.glb HTTP/1.1" 200 -
[hub_server:http] "GET /assets/3D/Stylized/SM_Stylized_Bonfire.glb HTTP/1.1" 200 -
[hub_server:http] "GET /assets/3D/Stylized/SM_Door_Wall_01_wblue.glb HTTP/1.1" 200 -
[hub_server:http] "GET /assets/3D/Stylized/SM_Window_Wall_01_wblue.glb HTTP/1.1" 200 -
[hub_server:http] "GET /assets/3D/Stylized/SM_Window_Wall_02_wblue.glb HTTP/1.1" 200 -
[hub_server:http] "GET /assets/3D/Stylized/SM_Large_Wall_03_wblue.glb HTTP/1.1" 200 -
[hub_server:http] "GET /assets/3D/Stylized/SM_Roof_Wall_wblue.glb HTTP/1.1" 200 -
[hub_server:http] "GET /assets/3D/Stylized/SM_Large_Wall_02_wmint.glb HTTP/1.1" 200 -
[hub_server:http] "GET /assets/3D/Stylized/SM_Window_Wall_01_wmint.glb HTTP/1.1" 200 -
[hub_server:http] "GET /assets/3D/Stylized/SM_Door_Wall_01_wmint.glb HTTP/1.1" 200 -
[hub_server:http] "GET /assets/3D/Stylized/SM_Window_Wall_02_wmint.glb HTTP/1.1" 200 -
[hub_server:http] "GET /assets/3D/Stylized/SM_Large_Wall_03_wmint.glb HTTP/1.1" 200 -
[hub_server:http] "GET /assets/3D/Stylized/SM_Roof_02_rslate.glb HTTP/1.1" 200 -
[hub_server:http] "GET /assets/3D/Stylized/SM_Roof_Wall_wmint.glb HTTP/1.1" 200 -
[hub_server:http] "GET /assets/3D/Stylized/SM_Window_Wall_01_wrose.glb HTTP/1.1" 200 -
[hub_server:http] "GET /assets/3D/Stylized/SM_Large_Wall_02_wrose.glb HTTP/1.1" 200 -
[hub_server:http] "GET /assets/3D/Stylized/SM_Large_Wall_03_wrose.glb HTTP/1.1" 200 -
[hub_server:http] "GET /assets/3D/Stylized/SM_Door_Wall_01_wrose.glb HTTP/1.1" 200 -
[hub_server:http] "GET /assets/3D/Stylized/SM_Window_Wall_02_wrose.glb HTTP/1.1" 200 -
[hub_server:http] "GET /assets/3D/Stylized/SM_Stylized_Wagon.glb HTTP/1.1" 200 -
[hub_server:http] "GET /assets/3D/Stylized/SM_Roof_Wall_wrose.glb HTTP/1.1" 200 -
[hub_server:http] "GET /assets/3D/Stylized/SM_Wheat.glb HTTP/1.1" 200 -
[hub_server:http] "GET /assets/3D/Stylized/SM_Hay.glb HTTP/1.1" 200 -
[hub_server:http] "GET /assets/3D/Stylized/SM_Stylized_Scarecrow.glb HTTP/1.1" 200 -
[hub_server:http] "GET /assets/3D/Stylized/SM_Stylized_Well.glb HTTP/1.1" 200 -
[hub_server:http] "GET /assets/3D/GodCity/SM_temple_column.glb HTTP/1.1" 200 -
[hub_server:http] "GET /assets/3D/Stylized/SM_Dock_Straight.glb HTTP/1.1" 200 -
[hub_server:http] "GET /assets/3D/Paradise/SM_cave_mountain.glb HTTP/1.1" 200 -
[hub_server:http] "GET /assets/3D/Stylized/SM_Stylized_Boat.glb HTTP/1.1" 200 -
[hub_server:http] "GET /assets/3D/Paradise/SM_cave_inner.glb HTTP/1.1" 200 -
[hub_server:http] "GET /assets/3D/GodCity/SM_temple_decoration.glb HTTP/1.1" 200 -
[hub_server:http] "GET /assets/3D/GodCity/SM_brasero.glb HTTP/1.1" 200 -
[hub_server:http] "GET /assets/3D/Stylized/Tree_03.glb HTTP/1.1" 200 -
[hub_server:http] "GET /assets/3D/Paradise/SM_dg_rock.glb HTTP/1.1" 200 -
[hub_server:http] "GET /assets/3D/Stylized/SM_Stylized_Arch.glb HTTP/1.1" 200 -
[hub_server:http] "GET /assets/3D/Stylized/SM_Stylized_Flag_Var1.glb HTTP/1.1" 200 -
[hub_server:http] "GET /assets/3D/Stylized/SM_Stylized_WantedBoard.glb HTTP/1.1" 200 -
[hub_server:http] "GET /assets/3D/Stylized/Tree_06.glb HTTP/1.1" 200 -
[hub_server:http] "GET /assets/3D/Stylized/Tree_02.glb HTTP/1.1" 200 -
[hub_server:http] "GET /assets/3D/Stylized/SM_Stylized_Flag_Var2.glb HTTP/1.1" 200 -
[hub_server:http] "GET /assets/3D/Stylized/Tree_05.glb HTTP/1.1" 200 -
[hub_server:http] "GET /assets/3D/Stylized/Tree_01.glb HTTP/1.1" 200 -
[hub_server:http] "GET /assets/3D/Stylized/B_Tree_01.glb HTTP/1.1" 200 -
[hub_server:http] "GET /assets/3D/Stylized/B_Tree_05.glb HTTP/1.1" 200 -
[hub_server:http] "GET /assets/3D/Stylized/SM_Pink_Flower.glb HTTP/1.1" 200 -
[hub_server:http] "GET /assets/3D/Stylized/SM_Grass_B.glb HTTP/1.1" 200 -
[hub_server:http] "GET /assets/3D/Stylized/Tree_04.glb HTTP/1.1" 200 -
[hub_server:http] "GET /assets/3D/Stylized/SM_Grass_A.glb HTTP/1.1" 200 -
[hub_server:http] "GET /assets/3D/Stylized/SM_Red_Flower.glb HTTP/1.1" 200 -
[hub_server:http] "GET /assets/3D/Stylized/SM_TrunkTree.glb HTTP/1.1" 200 -
[hub_server:http] "GET /assets/3D/Stylized/SM_White_Flower.glb HTTP/1.1" 200 -
[hub_server:http] "GET /assets/3D/Stylized/SM_Yellow_Flower.glb HTTP/1.1" 200 -
[hub_server:http] "GET /assets/3D/Stylized/SM_Blue_Flower.glb HTTP/1.1" 200 -
[hub_server:http] "GET /assets/3D/Stylized/SM_Vertical_Cliff_02.glb HTTP/1.1" 200 -
[hub_server:http] "GET /assets/3D/Stylized/SM_Cliff_01.glb HTTP/1.1" 200 -
[hub_server:http] "GET /assets/3D/Stylized/SM_Cliff_02.glb HTTP/1.1" 200 -
[hub_server:http] "GET /assets/3D/Stylized/SM_Vertical_Cliff_01.glb HTTP/1.1" 200 -
[hub_server:http] "GET /assets/3D/Stylized/SM_Cliff_03.glb HTTP/1.1" 200 -
[hub_server:http] "GET /favicon.ico HTTP/1.1" 404 -
[hub_server:http] "GET /assets/3D/Stylized/SM_Stylized_Chest.glb HTTP/1.1" 200 -
[hub_server:http] "GET /hub3d/npc/Walk-South.webp HTTP/1.1" 200 -
[hub_server:http] "GET /hub3d/npc/Walk-East.webp HTTP/1.1" 200 -
[hub_server:http] "GET /hub3d/npc/Walk-North.webp HTTP/1.1" 200 -
[hub_server:http] "GET /hub3d/npc/Walk-West.webp HTTP/1.1" 200 -
[hub_server:http] "GET /hub3d/npc/Rook.webp HTTP/1.1" 200 -
[hub_server:http] "GET /hub3d/npc/Lyra.webp HTTP/1.1" 200 -
[hub_server:http] "GET /hub3d/npc/Kael.webp HTTP/1.1" 200 -
[hub_server:http] "GET /hub3d/npc/Yulia.webp HTTP/1.1" 200 -
[hub_server:http] "GET /hub3d/npc/Draven.webp HTTP/1.1" 200 -
[hub_server:http] "GET /hub3d/npc/Sera.webp HTTP/1.1" 200 -
[hub_server:http] "GET /hub3d/stills.json HTTP/1.1" 200 -
[hub_server:http] "GET /assets/Backgrounds/layers/clouds_wisps.webp HTTP/1.1" 200 -
[hub_server:http] "GET /assets/Backgrounds/layers/clouds_puffy.webp HTTP/1.1" 200 -
[hub_server:http] "GET /assets/Backgrounds/layers/ridges_far.webp HTTP/1.1" 200 -
[hub_server:http] "GET /hub3d/sidequests.json HTTP/1.1" 200 -
[hub_server:http] "GET /assets/Music/mp3/04.%20Peaceful%20Village.mp3 HTTP/1.1" 200 -
[hub_server:http] "GET /assets/Music/mp3/17.%20Unknown%20Island.mp3 HTTP/1.1" 200 -
[hub_server:http] "GET /assets/SFX/10_UI_Menu_SFX/013_Confirm_03.wav HTTP/1.1" 200 -
[hub_server:http] "GET /assets/SFX/10_UI_Menu_SFX/013_Confirm_03.wav HTTP/1.1" 200 -
[hub_server:http] "GET /assets/SFX/10_UI_Menu_SFX/013_Confirm_03.wav HTTP/1.1" 200 -
[hub_server:http] "GET /assets/Portraits/Ferryman%20Osk.webp HTTP/1.1" 404 -
[hub_server:http] "GET /assets/Portraits/Kael.webp HTTP/1.1" 200 -
[hub_server:http] "GET /assets/SFX/10_UI_Menu_SFX/013_Confirm_03.wav HTTP/1.1" 200 -
[hub_server:http] "GET /assets/SFX/10_UI_Menu_SFX/013_Confirm_03.wav HTTP/1.1" 200 -
[hub_server:http] "GET /assets/Portraits/Kael.webp HTTP/1.1" 200 -
[hub_server:http] "GET /assets/SFX/10_UI_Menu_SFX/013_Confirm_03.wav HTTP/1.1" 200 -
[hub_server:http] "GET /assets/SFX/10_UI_Menu_SFX/013_Confirm_03.wav HTTP/1.1" 200 -
[hub_server:http] "GET /assets/SFX/10_UI_Menu_SFX/013_Confirm_03.wav HTTP/1.1" 200 -
[hub_server:http] "GET /assets/Portraits/Kael.webp HTTP/1.1" 200 -
[hub_server:http] "GET /assets/SFX/10_UI_Menu_SFX/013_Confirm_03.wav HTTP/1.1" 200 -
[hub_server:http] "GET /assets/SFX/10_UI_Menu_SFX/013_Confirm_03.wav HTTP/1.1" 200 -
[hub_server:http] "GET /assets/SFX/10_UI_Menu_SFX/013_Confirm_03.wav HTTP/1.1" 200 -
[hub_server:http] "GET /assets/SFX/10_UI_Menu_SFX/013_Confirm_03.wav HTTP/1.1" 200 -
[hub_server:http] "GET /hub3d/island.json HTTP/1.1" 200 -
[hub_server:http] "GET /hub3d/sprites.json HTTP/1.1" 200 -
[hub_server:http] "GET /assets/SFX/10_UI_Menu_SFX/013_Confirm_03.wav HTTP/1.1" 200 -
[hub_server:http] "GET /assets/Music/mp3/04.%20Peaceful%20Village.mp3 HTTP/1.1" 200 -
[hub_server:http] "GET /hub3d/npc/Walk-South.webp HTTP/1.1" 200 -
[hub_server:http] "GET /hub3d/npc/Walk-North.webp HTTP/1.1" 200 -
[hub_server:http] "GET /hub3d/npc/Walk-West.webp HTTP/1.1" 200 -
[hub_server:http] "GET /hub3d/npc/Walk-East.webp HTTP/1.1" 200 -
[hub_server:http] "GET /hub3d/npc/Rook.webp HTTP/1.1" 200 -
[hub_server:http] "GET /hub3d/npc/Lyra.webp HTTP/1.1" 200 -
[hub_server:http] "GET /hub3d/npc/Kael.webp HTTP/1.1" 200 -
[hub_server:http] "GET /hub3d/npc/Yulia.webp HTTP/1.1" 200 -
[hub_server:http] "GET /hub3d/npc/Draven.webp HTTP/1.1" 200 -
[hub_server:http] "GET /hub3d/npc/Sera.webp HTTP/1.1" 200 -
[hub_server:http] "GET /hub3d/stills.json HTTP/1.1" 200 -
[hub_server:http] "GET /assets/Backgrounds/layers/clouds_wisps.webp HTTP/1.1" 200 -
[hub_server:http] "GET /assets/Backgrounds/layers/clouds_puffy.webp HTTP/1.1" 200 -
[hub_server:http] "GET /assets/Backgrounds/layers/ridges_far.webp HTTP/1.1" 200 -
[hub_server:http] "GET /api/state HTTP/1.1" 200 -
[hub_server:http] "GET /assets/Portraits/Kael.webp HTTP/1.1" 200 -
[hub_server:http] "GET /assets/Portraits/Bram.webp HTTP/1.1" 404 -
[hub_server:http] "GET /assets/SFX/10_UI_Menu_SFX/013_Confirm_03.wav HTTP/1.1" 200 -
[hub_server:http] "POST /api/menu/rest HTTP/1.1" 200 -
[hub_server:http] "GET /api/state HTTP/1.1" 200 -
[hub_server:http] "GET /assets/SFX/10_UI_Menu_SFX/013_Confirm_03.wav HTTP/1.1" 200 -
[hub_server:http] "GET /assets/SFX/10_UI_Menu_SFX/013_Confirm_03.wav HTTP/1.1" 200 -
[hub_server:http] "GET /assets/SFX/10_UI_Menu_SFX/013_Confirm_03.wav HTTP/1.1" 200 -
[hub_server:http] "GET /assets/Portraits/Old%20Tane.webp HTTP/1.1" 404 -
[hub_server:http] "GET /assets/SFX/10_UI_Menu_SFX/013_Confirm_03.wav HTTP/1.1" 200 -
[hub_server:http] "GET /assets/SFX/10_UI_Menu_SFX/013_Confirm_03.wav HTTP/1.1" 200 -
[hub_server:http] "GET /hub3d/island.json HTTP/1.1" 200 -
[hub_server:http] "GET /hub3d/sprites.json HTTP/1.1" 200 -
[hub_server:http] "GET /assets/SFX/10_UI_Menu_SFX/013_Confirm_03.wav HTTP/1.1" 200 -
[hub_server:http] "GET /hub3d/npc/Walk-North.webp HTTP/1.1" 200 -
[hub_server:http] "GET /hub3d/npc/Walk-South.webp HTTP/1.1" 200 -
[hub_server:http] "GET /hub3d/npc/Walk-West.webp HTTP/1.1" 200 -
[hub_server:http] "GET /hub3d/npc/Walk-East.webp HTTP/1.1" 200 -
[hub_server:http] "GET /hub3d/npc/Lyra.webp HTTP/1.1" 200 -
[hub_server:http] "GET /hub3d/npc/Rook.webp HTTP/1.1" 200 -
[hub_server:http] "GET /hub3d/npc/Kael.webp HTTP/1.1" 200 -
[hub_server:http] "GET /hub3d/npc/Yulia.webp HTTP/1.1" 200 -
[hub_server:http] "GET /hub3d/npc/Draven.webp HTTP/1.1" 200 -
[hub_server:http] "GET /hub3d/npc/Sera.webp HTTP/1.1" 200 -
[hub_server:http] "GET /hub3d/stills.json HTTP/1.1" 200 -
[hub_server:http] "GET /assets/Backgrounds/layers/clouds_wisps.webp HTTP/1.1" 200 -
[hub_server:http] "GET /assets/Backgrounds/layers/clouds_puffy.webp HTTP/1.1" 200 -
[hub_server:http] "GET /assets/Backgrounds/layers/ridges_far.webp HTTP/1.1" 200 -
[hub_server:http] "GET /api/state HTTP/1.1" 200 -
[hub_server:http] "GET /assets/Portraits/Goblin%20Brute.webp HTTP/1.1" 404 -
[hub_server:http] "GET /assets/SFX/10_UI_Menu_SFX/013_Confirm_03.wav HTTP/1.1" 200 -
[hub_server:http] "POST /api/world/hub_battle HTTP/1.1" 200 -
[hub_server:http] "GET /assets/SFX/10_UI_Menu_SFX/013_Confirm_03.wav HTTP/1.1" 200 -
[hub_server:http] "GET /battle?return=hub3d&scene=island&key=sq_fence HTTP/1.1" 200 -
[hub_server:http] "GET /hub3d/appmode.js HTTP/1.1" 200 -
[hub_server:http] "GET /battle/battlemap.js HTTP/1.1" 200 -
[hub_server:http] "GET /battle/battle3d.js HTTP/1.1" 200 -
[hub_server:http] "GET /hub3d/envfx.js HTTP/1.1" 200 -
[hub_server:ws] client connected -- starting a new battle
[hub_server:http] "GET /battle/maps/index.json HTTP/1.1" 200 -
[hub_server:http] "GET /assets/Artwork/Background.webp HTTP/1.1" 200 -
[hub_server:http] "GET /assets/Artwork/Icons.png HTTP/1.1" 200 -
[hub_server:http] "GET /assets/Battlers/Kael/Kael-Idle.png HTTP/1.1" 200 -
[hub_server:http] "GET /assets/Battlers/Enemies/Goblin-Skirmisher.png HTTP/1.1" 200 -
[hub_server:http] "GET /assets/SFX/10_Battle_SFX/55_Encounter_02.wav HTTP/1.1" 200 -
[hub_server:http] "GET /assets/Music/Battle/Battle1.mp3 HTTP/1.1" 200 -
[ai] Goblin Skirmisher: falling back to scripted AI (Model 'llama3.1' not found on http://localhost:11434/api/chat (model 'llama3.1' not found). Run `ollama list` to see exact model names, then pass --model <name> (or `ollama pull llama3.1` if it's genuinely missing).)
[hub_server:http] "GET /assets/Artwork/Effect_BigHit/30fps/Spritesheets/Effect_BigHit_1_557x553.png HTTP/1.1" 200 -
[hub_server:http] "GET /assets/SFX/10_Battle_SFX/22_Slash_04.wav HTTP/1.1" 200 -
[hub_server:http] "GET /assets/Battlers/Kael/Kael-Run.png HTTP/1.1" 200 -
[hub_server:http] "GET /assets/Battlers/Kael/Kael-Attack.png HTTP/1.1" 200 -
[hub_server:http] "GET /assets/SFX/10_Battle_SFX/22_Slash_04.wav HTTP/1.1" 200 -
[ai] Goblin Skirmisher: falling back to scripted AI (Model 'llama3.1' not found on http://localhost:11434/api/chat (model 'llama3.1' not found). Run `ollama list` to see exact model names, then pass --model <name> (or `ollama pull llama3.1` if it's genuinely missing).)
[hub_server:http] "GET /assets/SFX/10_Battle_SFX/22_Slash_04.wav HTTP/1.1" 200 -
[hub_server:http] "GET /assets/SFX/10_Battle_SFX/22_Slash_04.wav HTTP/1.1" 200 -
[ai] Goblin Skirmisher: falling back to scripted AI (Model 'llama3.1' not found on http://localhost:11434/api/chat (model 'llama3.1' not found). Run `ollama list` to see exact model names, then pass --model <name> (or `ollama pull llama3.1` if it's genuinely missing).)
[hub_server:http] "GET /assets/SFX/10_Battle_SFX/22_Slash_04.wav HTTP/1.1" 200 -
[hub_server:http] "GET /assets/SFX/8_Buffs_Heals_SFX/46_Poison_01.wav HTTP/1.1" 404 -
[hub_server:http] "GET /assets/SFX/10_Battle_SFX/22_Slash_04.wav HTTP/1.1" 200 -
[ai] Goblin Skirmisher: falling back to scripted AI (Model 'llama3.1' not found on http://localhost:11434/api/chat (model 'llama3.1' not found). Run `ollama list` to see exact model names, then pass --model <name> (or `ollama pull llama3.1` if it's genuinely missing).)
[hub_server:http] "GET /assets/Artwork/Effect_Constellation/30fps/Spritesheets/Effect_Constellation_1_299x313.png HTTP/1.1" 200 -
[hub_server:http] "GET /assets/SFX/8_Buffs_Heals_SFX/21_Debuff_01.wav HTTP/1.1" 200 -
[hub_server:ws] client disconnected
[hub_server:http] "GET /assets/SFX/10_Battle_SFX/22_Slash_04.wav HTTP/1.1" 200 -
[hub_server:http] "GET /assets/SFX/10_Battle_SFX/69_Enemy_death_01.wav HTTP/1.1" 200 -
[hub_server:http] "GET /assets/Music/Main/Main.mp3 HTTP/1.1" 200 -
[hub_server:http] "GET /?view=3d&scene=island&cleared=sq_fence HTTP/1.1" 200 -
[hub_server:http] "GET /battle/battlemap.js HTTP/1.1" 200 -
[hub_server:http] "GET /hub3d/hub3d.js HTTP/1.1" 200 -
[hub_server:http] "GET /hub3d/jrpgmenu.js HTTP/1.1" 200 -
[hub_server:http] "POST /api/story/slave HTTP/1.1" 200 -
[hub_server:http] "GET /hub3d/envfx.js HTTP/1.1" 200 -
[hub_server:http] "GET /assets/Artwork/Background.webp HTTP/1.1" 200 -
[hub_server:http] "GET /api/state HTTP/1.1" 200 -
[hub_server:http] "GET /hub3d/island.json HTTP/1.1" 200 -
[hub_server:http] "GET /assets/Music/Main/Main.mp3 HTTP/1.1" 200 -
[hub_server:http] "GET /hub3d/sprites.json HTTP/1.1" 200 -
[hub_server:http] "GET /assets/Portraits/Bran.webp HTTP/1.1" 200 -
[hub_server:http] "GET /assets/Bosses/ColliseumChamp/ColliseumChamp-Portrait.webp HTTP/1.1" 200 -
[hub_server:http] "GET /assets/3D/Paradise/SM_ocean.glb HTTP/1.1" 200 -
[hub_server:http] "GET /assets/3D/Paradise/SM_island_ground.glb HTTP/1.1" 200 -
[hub_server:http] "GET /assets/3D/Stylized/SM_Stylized_Fountain.glb HTTP/1.1" 200 -
[hub_server:http] "GET /assets/3D/Stylized/SM_Stylized_Lamp_C.glb HTTP/1.1" 200 -
[hub_server:http] "GET /assets/3D/Stylized/SM_Stylized_Table_A.glb HTTP/1.1" 200 -
[hub_server:http] "GET /assets/3D/Stylized/SM_Stylized_Bench.glb HTTP/1.1" 200 -
[hub_server:http] "GET /assets/3D/Stylized/_Stylized_Barrel.glb HTTP/1.1" 200 -
[hub_server:http] "GET /assets/3D/Stylized/SM_Stylized_Basket.glb HTTP/1.1" 200 -
[hub_server:http] "GET /assets/3D/Stylized/SM_Stylized_Box_var1.glb HTTP/1.1" 200 -
[hub_server:http] "GET /assets/3D/Stylized/SM_Door_Wall_01_wcream.glb HTTP/1.1" 200 -
[hub_server:http] "GET /assets/3D/Stylized/SM_Large_Wall_02_wcream.glb HTTP/1.1" 200 -
[hub_server:http] "GET /assets/3D/Stylized/SM_Window_Wall_01_wcream.glb HTTP/1.1" 200 -
[hub_server:http] "GET /assets/3D/Stylized/SM_Door_01.glb HTTP/1.1" 200 -
[hub_server:http] "GET /assets/3D/Stylized/SM_Large_Wall_03_wcream.glb HTTP/1.1" 200 -
[hub_server:http] "GET /assets/3D/Stylized/SM_Window_Wall_02_wcream.glb HTTP/1.1" 200 -
[hub_server:http] "GET /assets/3D/Stylized/SM_Roof_02_rred.glb HTTP/1.1" 200 -
[hub_server:http] "GET /assets/3D/Stylized/SM_Roof_Wall_wcream.glb HTTP/1.1" 200 -
[hub_server:http] "GET /assets/3D/Stylized/SM_Door_Wall_01_wsand.glb HTTP/1.1" 200 -
[hub_server:http] "GET /assets/3D/Stylized/SM_Large_Wall_02_wsand.glb HTTP/1.1" 200 -
[hub_server:http] "GET /assets/3D/Stylized/SM_Large_Wall_03_wsand.glb HTTP/1.1" 200 -
[hub_server:http] "GET /assets/3D/Stylized/SM_Window_Wall_01_wsand.glb HTTP/1.1" 200 -
[hub_server:http] "GET /assets/3D/Stylized/SM_Roof_Wall_wsand.glb HTTP/1.1" 200 -
[hub_server:http] "GET /assets/3D/Stylized/SM_Roof_02_rbrown.glb HTTP/1.1" 200 -
[hub_server:http] "GET /assets/3D/Stylized/SM_Stylized_Box_var2.glb HTTP/1.1" 200 -
[hub_server:http] "GET /assets/3D/Stylized/SM_Chimney.glb HTTP/1.1" 200 -
[hub_server:http] "GET /assets/3D/Stylized/SM_Stylized_Table_B.glb HTTP/1.1" 200 -
[hub_server:http] "GET /assets/3D/Stylized/SM_Mill.glb HTTP/1.1" 200 -
[hub_server:http] "GET /assets/3D/Stylized/SM_Sunflower.glb HTTP/1.1" 200 -
[hub_server:http] "GET /assets/3D/Stylized/SM_Stylized_Fence_01.glb HTTP/1.1" 200 -
[hub_server:http] "GET /assets/3D/Stylized/SM_Door_Wall_01_wstone.glb HTTP/1.1" 200 -
[hub_server:http] "GET /assets/3D/Stylized/SM_Large_Wall_02_wstone.glb HTTP/1.1" 200 -
[hub_server:http] "GET /assets/3D/Stylized/SM_Large_Wall_03_wstone.glb HTTP/1.1" 200 -
[hub_server:http] "GET /assets/3D/Stylized/SM_Window_Wall_01_wstone.glb HTTP/1.1" 200 -
[hub_server:http] "GET /assets/3D/Stylized/SM_Roof_Wall_wstone.glb HTTP/1.1" 200 -
[hub_server:http] "GET /assets/3D/Stylized/SM_Stylized_Bonfire.glb HTTP/1.1" 200 -
[hub_server:http] "GET /assets/3D/Stylized/SM_Window_Wall_02_wstone.glb HTTP/1.1" 200 -
[hub_server:http] "GET /assets/3D/Stylized/SM_Door_Wall_01_wblue.glb HTTP/1.1" 200 -
[hub_server:http] "GET /assets/3D/Stylized/SM_Large_Wall_02_wblue.glb HTTP/1.1" 200 -
[hub_server:http] "GET /assets/3D/Stylized/SM_Window_Wall_01_wblue.glb HTTP/1.1" 200 -
[hub_server:http] "GET /assets/3D/Stylized/SM_Window_Wall_01_wmint.glb HTTP/1.1" 200 -
[hub_server:http] "GET /assets/3D/Stylized/SM_Window_Wall_02_wblue.glb HTTP/1.1" 200 -
[hub_server:http] "GET /assets/3D/Stylized/SM_Large_Wall_03_wblue.glb HTTP/1.1" 200 -
[hub_server:http] "GET /assets/3D/Stylized/SM_Roof_Wall_wblue.glb HTTP/1.1" 200 -
[hub_server:http] "GET /assets/3D/Stylized/SM_Large_Wall_02_wmint.glb HTTP/1.1" 200 -
[hub_server:http] "GET /assets/3D/Stylized/SM_Window_Wall_02_wmint.glb HTTP/1.1" 200 -
[hub_server:http] "GET /assets/3D/Stylized/SM_Roof_Wall_wmint.glb HTTP/1.1" 200 -
[hub_server:http] "GET /assets/3D/Stylized/SM_Door_Wall_01_wmint.glb HTTP/1.1" 200 -
[hub_server:http] "GET /assets/3D/Stylized/SM_Roof_02_rslate.glb HTTP/1.1" 200 -
[hub_server:http] "GET /assets/3D/Stylized/SM_Large_Wall_03_wmint.glb HTTP/1.1" 200 -
[hub_server:http] "GET /assets/3D/Stylized/SM_Window_Wall_01_wrose.glb HTTP/1.1" 200 -
[hub_server:http] "GET /assets/3D/Stylized/SM_Large_Wall_02_wrose.glb HTTP/1.1" 200 -
[hub_server:http] "GET /assets/3D/Stylized/SM_Door_Wall_01_wrose.glb HTTP/1.1" 200 -
[hub_server:http] "GET /assets/3D/Stylized/SM_Large_Wall_03_wrose.glb HTTP/1.1" 200 -
[hub_server:http] "GET /assets/3D/Stylized/SM_Window_Wall_02_wrose.glb HTTP/1.1" 200 -
[hub_server:http] "GET /assets/3D/Stylized/SM_Roof_Wall_wrose.glb HTTP/1.1" 200 -
[hub_server:http] "GET /assets/3D/Stylized/SM_Stylized_Wagon.glb HTTP/1.1" 200 -
[hub_server:http] "GET /assets/3D/Stylized/SM_Wheat.glb HTTP/1.1" 200 -
[hub_server:http] "GET /assets/3D/Stylized/SM_Hay.glb HTTP/1.1" 200 -
[hub_server:http] "GET /assets/3D/Stylized/SM_Stylized_Well.glb HTTP/1.1" 200 -
[hub_server:http] "GET /assets/3D/Stylized/SM_Stylized_Scarecrow.glb HTTP/1.1" 200 -
[hub_server:http] "GET /assets/3D/Stylized/SM_Dock_Straight.glb HTTP/1.1" 200 -
[hub_server:http] "GET /assets/3D/Stylized/SM_Stylized_Boat.glb HTTP/1.1" 200 -
[hub_server:http] "GET /assets/3D/Paradise/SM_cave_inner.glb HTTP/1.1" 200 -
[hub_server:http] "GET /assets/3D/Paradise/SM_cave_mountain.glb HTTP/1.1" 200 -
[hub_server:http] "GET /assets/3D/GodCity/SM_temple_column.glb HTTP/1.1" 200 -
[hub_server:http] "GET /assets/3D/GodCity/SM_temple_decoration.glb HTTP/1.1" 200 -
[hub_server:http] "GET /assets/3D/GodCity/SM_brasero.glb HTTP/1.1" 200 -
[hub_server:http] "GET /assets/3D/Paradise/SM_dg_rock.glb HTTP/1.1" 200 -
[hub_server:http] "GET /assets/3D/Stylized/SM_Stylized_Arch.glb HTTP/1.1" 200 -
[hub_server:http] "GET /assets/3D/Stylized/SM_Stylized_WantedBoard.glb HTTP/1.1" 200 -
[hub_server:http] "GET /assets/3D/Stylized/Tree_03.glb HTTP/1.1" 200 -
[hub_server:http] "GET /assets/3D/Stylized/SM_Stylized_Flag_Var1.glb HTTP/1.1" 200 -
[hub_server:http] "GET /assets/3D/Stylized/SM_Stylized_Flag_Var2.glb HTTP/1.1" 200 -
[hub_server:http] "GET /assets/3D/Stylized/Tree_02.glb HTTP/1.1" 200 -
[hub_server:http] "GET /assets/3D/Stylized/Tree_06.glb HTTP/1.1" 200 -
[hub_server:http] "GET /assets/3D/Stylized/Tree_05.glb HTTP/1.1" 200 -
[hub_server:http] "GET /assets/3D/Stylized/Tree_01.glb HTTP/1.1" 200 -
[hub_server:http] "GET /assets/3D/Stylized/B_Tree_01.glb HTTP/1.1" 200 -
[hub_server:http] "GET /assets/3D/Stylized/B_Tree_05.glb HTTP/1.1" 200 -
[hub_server:http] "GET /assets/3D/Stylized/SM_Pink_Flower.glb HTTP/1.1" 200 -
[hub_server:http] "GET /assets/3D/Stylized/SM_Grass_B.glb HTTP/1.1" 200 -
[hub_server:http] "GET /assets/3D/Stylized/Tree_04.glb HTTP/1.1" 200 -
[hub_server:http] "GET /assets/3D/Stylized/SM_Grass_A.glb HTTP/1.1" 200 -
[hub_server:http] "GET /assets/3D/Stylized/SM_Red_Flower.glb HTTP/1.1" 200 -
[hub_server:http] "GET /assets/3D/Stylized/SM_White_Flower.glb HTTP/1.1" 200 -
[hub_server:http] "GET /assets/3D/Stylized/SM_TrunkTree.glb HTTP/1.1" 200 -
[hub_server:http] "GET /assets/3D/Stylized/SM_Yellow_Flower.glb HTTP/1.1" 200 -
[hub_server:http] "GET /assets/3D/Stylized/SM_Blue_Flower.glb HTTP/1.1" 200 -
[hub_server:http] "GET /assets/3D/Stylized/SM_Vertical_Cliff_01.glb HTTP/1.1" 200 -
[hub_server:http] "GET /assets/3D/Stylized/SM_Vertical_Cliff_02.glb HTTP/1.1" 200 -
[hub_server:http] "GET /assets/3D/Stylized/SM_Cliff_02.glb HTTP/1.1" 200 -
[hub_server:http] "GET /assets/3D/Stylized/SM_Cliff_03.glb HTTP/1.1" 200 -
[hub_server:http] "GET /assets/3D/Stylized/SM_Cliff_01.glb HTTP/1.1" 200 -
[hub_server:http] "GET /assets/3D/Stylized/SM_Stylized_Chest.glb HTTP/1.1" 200 -
[hub_server:http] "GET /hub3d/npc/Walk-North.webp HTTP/1.1" 200 -
[hub_server:http] "GET /hub3d/npc/Walk-South.webp HTTP/1.1" 200 -
[hub_server:http] "GET /hub3d/npc/Walk-East.webp HTTP/1.1" 200 -
[hub_server:http] "GET /hub3d/npc/Walk-West.webp HTTP/1.1" 200 -
[hub_server:http] "GET /hub3d/npc/Rook.webp HTTP/1.1" 200 -
[hub_server:http] "GET /hub3d/npc/Lyra.webp HTTP/1.1" 200 -
[hub_server:http] "GET /hub3d/npc/Kael.webp HTTP/1.1" 200 -
[hub_server:http] "GET /hub3d/npc/Draven.webp HTTP/1.1" 200 -
[hub_server:http] "GET /hub3d/npc/Yulia.webp HTTP/1.1" 200 -
[hub_server:http] "GET /hub3d/npc/Sera.webp HTTP/1.1" 200 -
[hub_server:http] "GET /hub3d/stills.json HTTP/1.1" 200 -
[hub_server:http] "GET /assets/Backgrounds/layers/clouds_wisps.webp HTTP/1.1" 200 -
[hub_server:http] "GET /assets/Backgrounds/layers/clouds_puffy.webp HTTP/1.1" 200 -
[hub_server:http] "GET /assets/Backgrounds/layers/ridges_far.webp HTTP/1.1" 200 -
[hub_server:http] "GET /hub3d/sidequests.json HTTP/1.1" 200 -
[hub_server:http] "GET /assets/Music/mp3/04.%20Peaceful%20Village.mp3 HTTP/1.1" 200 -
[hub_server:http] "GET /assets/Portraits/Old%20Tane.webp HTTP/1.1" 404 -
[hub_server:http] "GET /assets/SFX/10_UI_Menu_SFX/013_Confirm_03.wav HTTP/1.1" 200 -
[hub_server:http] "POST /api/story/chest HTTP/1.1" 200 -
[hub_server:http] "GET /api/state HTTP/1.1" 200 -
[hub_server:http] "GET /assets/SFX/10_UI_Menu_SFX/013_Confirm_03.wav HTTP/1.1" 200 -
[hub_server:http] "GET /assets/Portraits/Kael.webp HTTP/1.1" 200 -
[hub_server:http] "GET /assets/SFX/10_UI_Menu_SFX/013_Confirm_03.wav HTTP/1.1" 200 -
[hub_server:http] "GET /hub3d/island.json HTTP/1.1" 200 -
[hub_server:http] "GET /hub3d/sprites.json HTTP/1.1" 200 -
[hub_server:http] "GET /assets/SFX/10_UI_Menu_SFX/013_Confirm_03.wav HTTP/1.1" 200 -
[hub_server:http] "GET /hub3d/npc/Walk-South.webp HTTP/1.1" 200 -
[hub_server:http] "GET /hub3d/npc/Walk-North.webp HTTP/1.1" 200 -
[hub_server:http] "GET /hub3d/npc/Rook.webp HTTP/1.1" 200 -
[hub_server:http] "GET /hub3d/npc/Walk-East.webp HTTP/1.1" 200 -
[hub_server:http] "GET /hub3d/npc/Walk-West.webp HTTP/1.1" 200 -
[hub_server:http] "GET /hub3d/npc/Lyra.webp HTTP/1.1" 200 -
[hub_server:http] "GET /hub3d/npc/Kael.webp HTTP/1.1" 200 -
[hub_server:http] "GET /hub3d/npc/Draven.webp HTTP/1.1" 200 -
[hub_server:http] "GET /hub3d/npc/Yulia.webp HTTP/1.1" 200 -
[hub_server:http] "GET /hub3d/npc/Sera.webp HTTP/1.1" 200 -
[hub_server:http] "GET /hub3d/stills.json HTTP/1.1" 200 -
[hub_server:http] "GET /assets/Backgrounds/layers/clouds_wisps.webp HTTP/1.1" 200 -
[hub_server:http] "GET /assets/Backgrounds/layers/clouds_puffy.webp HTTP/1.1" 200 -
[hub_server:http] "GET /assets/Backgrounds/layers/ridges_far.webp HTTP/1.1" 200 -
[hub_server:http] "GET /api/state HTTP/1.1" 200 -
[hub_server:http] "GET /heroes HTTP/1.1" 200 -
[hub_server:http] "GET /api/heroes HTTP/1.1" 200 -
[hub_server:http] "GET /assets/Artwork/Icons.png HTTP/1.1" 200 -
[hub_server:http] "GET /assets/Music/Main/Main.mp3 HTTP/1.1" 200 -
[hub_server:http] "GET /assets/Portraits/Kael.webp HTTP/1.1" 200 -
[hub_server:http] "GET /assets/Portraits/Bran.webp HTTP/1.1" 200 -
[hub_server:http] "GET / HTTP/1.1" 200 -
[hub_server:http] "GET /battle/battlemap.js HTTP/1.1" 200 -
[hub_server:http] "GET /hub3d/hub3d.js HTTP/1.1" 200 -
[hub_server:http] "GET /hub3d/jrpgmenu.js HTTP/1.1" 200 -
[hub_server:http] "POST /api/story/slave HTTP/1.1" 200 -
[hub_server:http] "GET /hub3d/envfx.js HTTP/1.1" 200 -
[hub_server:http] "GET /assets/Artwork/Background.webp HTTP/1.1" 200 -
[hub_server:http] "GET /api/state HTTP/1.1" 200 -
[hub_server:http] "GET /hub3d/island.json HTTP/1.1" 200 -
[hub_server:http] "GET /assets/Music/Main/Main.mp3 HTTP/1.1" 200 -
[hub_server:http] "GET /assets/Portraits/Bran.webp HTTP/1.1" 200 -
[hub_server:http] "GET /assets/Bosses/ColliseumChamp/ColliseumChamp-Portrait.webp HTTP/1.1" 200 -
[hub_server:http] "GET /hub3d/sprites.json HTTP/1.1" 200 -
[hub_server:http] "GET /assets/3D/Paradise/SM_ocean.glb HTTP/1.1" 200 -
[hub_server:http] "GET /assets/3D/Stylized/SM_Stylized_Fountain.glb HTTP/1.1" 200 -
[hub_server:http] "GET /assets/3D/Stylized/SM_Stylized_Lamp_C.glb HTTP/1.1" 200 -
[hub_server:http] "GET /assets/3D/Stylized/SM_Stylized_Bench.glb HTTP/1.1" 200 -
[hub_server:http] "GET /assets/3D/Paradise/SM_island_ground.glb HTTP/1.1" 200 -
[hub_server:http] "GET /assets/3D/Stylized/SM_Stylized_Table_A.glb HTTP/1.1" 200 -
[hub_server:http] "GET /assets/3D/Stylized/SM_Stylized_Basket.glb HTTP/1.1" 200 -
[hub_server:http] "GET /assets/3D/Stylized/_Stylized_Barrel.glb HTTP/1.1" 200 -
[hub_server:http] "GET /assets/3D/Stylized/SM_Door_Wall_01_wcream.glb HTTP/1.1" 200 -
[hub_server:http] "GET /assets/3D/Stylized/SM_Stylized_Box_var1.glb HTTP/1.1" 200 -
[hub_server:http] "GET /assets/3D/Stylized/SM_Large_Wall_02_wcream.glb HTTP/1.1" 200 -
[hub_server:http] "GET /assets/3D/Stylized/SM_Window_Wall_01_wcream.glb HTTP/1.1" 200 -
[hub_server:http] "GET /assets/3D/Stylized/SM_Window_Wall_02_wcream.glb HTTP/1.1" 200 -
[hub_server:http] "GET /assets/3D/Stylized/SM_Large_Wall_03_wcream.glb HTTP/1.1" 200 -
[hub_server:http] "GET /assets/3D/Stylized/SM_Door_01.glb HTTP/1.1" 200 -
[hub_server:http] "GET /assets/3D/Stylized/SM_Roof_02_rred.glb HTTP/1.1" 200 -
[hub_server:http] "GET /assets/3D/Stylized/SM_Roof_Wall_wcream.glb HTTP/1.1" 200 -
[hub_server:http] "GET /assets/3D/Stylized/SM_Large_Wall_02_wsand.glb HTTP/1.1" 200 -
[hub_server:http] "GET /assets/3D/Stylized/SM_Window_Wall_01_wsand.glb HTTP/1.1" 200 -
[hub_server:http] "GET /assets/3D/Stylized/SM_Door_Wall_01_wsand.glb HTTP/1.1" 200 -
[hub_server:http] "GET /assets/3D/Stylized/SM_Roof_02_rbrown.glb HTTP/1.1" 200 -
[hub_server:http] "GET /assets/3D/Stylized/SM_Large_Wall_03_wsand.glb HTTP/1.1" 200 -
[hub_server:http] "GET /assets/3D/Stylized/SM_Roof_Wall_wsand.glb HTTP/1.1" 200 -
[hub_server:http] "GET /assets/3D/Stylized/SM_Stylized_Table_B.glb HTTP/1.1" 200 -
[hub_server:http] "GET /assets/3D/Stylized/SM_Stylized_Box_var2.glb HTTP/1.1" 200 -
[hub_server:http] "GET /assets/3D/Stylized/SM_Chimney.glb HTTP/1.1" 200 -
[hub_server:http] "GET /assets/3D/Stylized/SM_Mill.glb HTTP/1.1" 200 -
[hub_server:http] "GET /assets/3D/Stylized/SM_Sunflower.glb HTTP/1.1" 200 -
[hub_server:http] "GET /assets/3D/Stylized/SM_Stylized_Fence_01.glb HTTP/1.1" 200 -
[hub_server:http] "GET /assets/3D/Stylized/SM_Door_Wall_01_wstone.glb HTTP/1.1" 200 -
[hub_server:http] "GET /assets/3D/Stylized/SM_Large_Wall_02_wstone.glb HTTP/1.1" 200 -
[hub_server:http] "GET /assets/3D/Stylized/SM_Window_Wall_01_wstone.glb HTTP/1.1" 200 -
[hub_server:http] "GET /assets/3D/Stylized/SM_Large_Wall_03_wstone.glb HTTP/1.1" 200 -
[hub_server:http] "GET /assets/3D/Stylized/SM_Window_Wall_02_wstone.glb HTTP/1.1" 200 -
[hub_server:http] "GET /assets/3D/Stylized/SM_Roof_Wall_wstone.glb HTTP/1.1" 200 -
[hub_server:http] "GET /assets/3D/Stylized/SM_Stylized_Bonfire.glb HTTP/1.1" 200 -
[hub_server:http] "GET /assets/3D/Stylized/SM_Door_Wall_01_wblue.glb HTTP/1.1" 200 -
[hub_server:http] "GET /assets/3D/Stylized/SM_Large_Wall_02_wblue.glb HTTP/1.1" 200 -
[hub_server:http] "GET /assets/3D/Stylized/SM_Window_Wall_01_wblue.glb HTTP/1.1" 200 -
[hub_server:http] "GET /assets/3D/Stylized/SM_Large_Wall_03_wblue.glb HTTP/1.1" 200 -
[hub_server:http] "GET /assets/3D/Stylized/SM_Window_Wall_02_wblue.glb HTTP/1.1" 200 -
[hub_server:http] "GET /assets/3D/Stylized/SM_Roof_Wall_wblue.glb HTTP/1.1" 200 -
[hub_server:http] "GET /assets/3D/Stylized/SM_Door_Wall_01_wmint.glb HTTP/1.1" 200 -
[hub_server:http] "GET /assets/3D/Stylized/SM_Large_Wall_02_wmint.glb HTTP/1.1" 200 -
[hub_server:http] "GET /assets/3D/Stylized/SM_Large_Wall_03_wmint.glb HTTP/1.1" 200 -
[hub_server:http] "GET /assets/3D/Stylized/SM_Window_Wall_01_wmint.glb HTTP/1.1" 200 -
[hub_server:http] "GET /assets/3D/Stylized/SM_Window_Wall_02_wmint.glb HTTP/1.1" 200 -
[hub_server:http] "GET /assets/3D/Stylized/SM_Roof_02_rslate.glb HTTP/1.1" 200 -
[hub_server:http] "GET /assets/3D/Stylized/SM_Large_Wall_02_wrose.glb HTTP/1.1" 200 -
[hub_server:http] "GET /assets/3D/Stylized/SM_Roof_Wall_wmint.glb HTTP/1.1" 200 -
[hub_server:http] "GET /assets/3D/Stylized/SM_Door_Wall_01_wrose.glb HTTP/1.1" 200 -
[hub_server:http] "GET /assets/3D/Stylized/SM_Window_Wall_01_wrose.glb HTTP/1.1" 200 -
[hub_server:http] "GET /assets/3D/Stylized/SM_Large_Wall_03_wrose.glb HTTP/1.1" 200 -
[hub_server:http] "GET /assets/3D/Stylized/SM_Window_Wall_02_wrose.glb HTTP/1.1" 200 -
[hub_server:http] "GET /assets/3D/Stylized/SM_Roof_Wall_wrose.glb HTTP/1.1" 200 -
[hub_server:http] "GET /assets/3D/Stylized/SM_Hay.glb HTTP/1.1" 200 -
[hub_server:http] "GET /assets/3D/Stylized/SM_Stylized_Wagon.glb HTTP/1.1" 200 -
[hub_server:http] "GET /assets/3D/Stylized/SM_Wheat.glb HTTP/1.1" 200 -
[hub_server:http] "GET /assets/3D/Stylized/SM_Stylized_Scarecrow.glb HTTP/1.1" 200 -
[hub_server:http] "GET /assets/3D/Stylized/SM_Stylized_Well.glb HTTP/1.1" 200 -
[hub_server:http] "GET /assets/3D/Stylized/SM_Stylized_Boat.glb HTTP/1.1" 200 -
[hub_server:http] "GET /assets/3D/Stylized/SM_Dock_Straight.glb HTTP/1.1" 200 -
[hub_server:http] "GET /assets/3D/Paradise/SM_cave_mountain.glb HTTP/1.1" 200 -
[hub_server:http] "GET /assets/3D/Paradise/SM_cave_inner.glb HTTP/1.1" 200 -
[hub_server:http] "GET /assets/3D/GodCity/SM_temple_column.glb HTTP/1.1" 200 -
[hub_server:http] "GET /assets/3D/GodCity/SM_brasero.glb HTTP/1.1" 200 -
[hub_server:http] "GET /assets/3D/GodCity/SM_temple_decoration.glb HTTP/1.1" 200 -
[hub_server:http] "GET /assets/3D/Paradise/SM_dg_rock.glb HTTP/1.1" 200 -
[hub_server:http] "GET /assets/3D/Stylized/SM_Stylized_Arch.glb HTTP/1.1" 200 -
[hub_server:http] "GET /assets/3D/Stylized/Tree_03.glb HTTP/1.1" 200 -
[hub_server:http] "GET /assets/3D/Stylized/SM_Stylized_WantedBoard.glb HTTP/1.1" 200 -
[hub_server:http] "GET /assets/3D/Stylized/SM_Stylized_Flag_Var1.glb HTTP/1.1" 200 -
[hub_server:http] "GET /assets/3D/Stylized/SM_Stylized_Flag_Var2.glb HTTP/1.1" 200 -
[hub_server:http] "GET /assets/3D/Stylized/Tree_02.glb HTTP/1.1" 200 -
[hub_server:http] "GET /assets/3D/Stylized/Tree_06.glb HTTP/1.1" 200 -
[hub_server:http] "GET /assets/3D/Stylized/Tree_05.glb HTTP/1.1" 200 -
[hub_server:http] "GET /assets/3D/Stylized/Tree_01.glb HTTP/1.1" 200 -
[hub_server:http] "GET /assets/3D/Stylized/B_Tree_01.glb HTTP/1.1" 200 -
[hub_server:http] "GET /assets/3D/Stylized/B_Tree_05.glb HTTP/1.1" 200 -
[hub_server:http] "GET /assets/3D/Stylized/SM_Pink_Flower.glb HTTP/1.1" 200 -
[hub_server:http] "GET /assets/3D/Stylized/Tree_04.glb HTTP/1.1" 200 -
[hub_server:http] "GET /assets/3D/Stylized/SM_Grass_B.glb HTTP/1.1" 200 -
[hub_server:http] "GET /assets/3D/Stylized/SM_Grass_A.glb HTTP/1.1" 200 -
[hub_server:http] "GET /assets/3D/Stylized/SM_Red_Flower.glb HTTP/1.1" 200 -
[hub_server:http] "GET /assets/3D/Stylized/SM_White_Flower.glb HTTP/1.1" 200 -
[hub_server:http] "GET /assets/3D/Stylized/SM_TrunkTree.glb HTTP/1.1" 200 -
[hub_server:http] "GET /assets/3D/Stylized/SM_Yellow_Flower.glb HTTP/1.1" 200 -
[hub_server:http] "GET /assets/3D/Stylized/SM_Blue_Flower.glb HTTP/1.1" 200 -
[hub_server:http] "GET /assets/3D/Stylized/SM_Vertical_Cliff_01.glb HTTP/1.1" 200 -
[hub_server:http] "GET /assets/3D/Stylized/SM_Cliff_02.glb HTTP/1.1" 200 -
[hub_server:http] "GET /assets/3D/Stylized/SM_Vertical_Cliff_02.glb HTTP/1.1" 200 -
[hub_server:http] "GET /assets/3D/Stylized/SM_Cliff_03.glb HTTP/1.1" 200 -
[hub_server:http] "GET /assets/3D/Stylized/SM_Cliff_01.glb HTTP/1.1" 200 -
[hub_server:http] "GET /assets/3D/Stylized/SM_Stylized_Chest.glb HTTP/1.1" 200 -
[hub_server:http] "GET /hub3d/npc/Walk-South.webp HTTP/1.1" 200 -
[hub_server:http] "GET /hub3d/npc/Walk-North.webp HTTP/1.1" 200 -
[hub_server:http] "GET /hub3d/npc/Walk-East.webp HTTP/1.1" 200 -
[hub_server:http] "GET /hub3d/npc/Walk-West.webp HTTP/1.1" 200 -
[hub_server:http] "GET /hub3d/npc/Rook.webp HTTP/1.1" 200 -
[hub_server:http] "GET /hub3d/npc/Lyra.webp HTTP/1.1" 200 -
[hub_server:http] "GET /hub3d/npc/Kael.webp HTTP/1.1" 200 -
[hub_server:http] "GET /hub3d/npc/Draven.webp HTTP/1.1" 200 -
[hub_server:http] "GET /hub3d/npc/Yulia.webp HTTP/1.1" 200 -
[hub_server:http] "GET /hub3d/npc/Sera.webp HTTP/1.1" 200 -
[hub_server:http] "GET /hub3d/stills.json HTTP/1.1" 200 -
[hub_server:http] "GET /assets/Backgrounds/layers/clouds_wisps.webp HTTP/1.1" 200 -
[hub_server:http] "GET /assets/Backgrounds/layers/clouds_puffy.webp HTTP/1.1" 200 -
[hub_server:http] "GET /assets/Backgrounds/layers/ridges_far.webp HTTP/1.1" 200 -
[hub_server:http] "GET /hub3d/sidequests.json HTTP/1.1" 200 -
[hub_server:http] "GET /assets/Music/mp3/04.%20Peaceful%20Village.mp3 HTTP/1.1" 200 -
[hub_server:http] "GET /heroes HTTP/1.1" 200 -
[hub_server:http] "GET /assets/SFX/10_UI_Menu_SFX/013_Confirm_03.wav HTTP/1.1" 200 -
[hub_server:http] "GET /assets/SFX/10_UI_Menu_SFX/013_Confirm_03.wav HTTP/1.1" 200 -
[hub_server:http] "GET /api/heroes HTTP/1.1" 200 -
[hub_server:http] "GET /assets/Artwork/Icons.png HTTP/1.1" 200 -
[hub_server:http] "GET /assets/Music/Main/Main.mp3 HTTP/1.1" 200 -
[hub_server:http] "GET /assets/Portraits/Kael.webp HTTP/1.1" 200 -
[hub_server:http] "GET /assets/Portraits/Bran.webp HTTP/1.1" 200 -
[hub_server:http] "GET / HTTP/1.1" 200 -
[hub_server:http] "GET /battle/battlemap.js HTTP/1.1" 200 -
[hub_server:http] "GET /hub3d/hub3d.js HTTP/1.1" 200 -
[hub_server:http] "GET /hub3d/jrpgmenu.js HTTP/1.1" 200 -
[hub_server:http] "POST /api/story/slave HTTP/1.1" 200 -
[hub_server:http] "GET /hub3d/envfx.js HTTP/1.1" 200 -
[hub_server:http] "GET /assets/Artwork/Background.webp HTTP/1.1" 200 -
[hub_server:http] "GET /api/state HTTP/1.1" 200 -
[hub_server:http] "GET /hub3d/island.json HTTP/1.1" 200 -
[hub_server:http] "GET /assets/Music/Main/Main.mp3 HTTP/1.1" 200 -
[hub_server:http] "GET /hub3d/sprites.json HTTP/1.1" 200 -
[hub_server:http] "GET /assets/Bosses/ColliseumChamp/ColliseumChamp-Portrait.webp HTTP/1.1" 200 -
[hub_server:http] "GET /assets/Portraits/Bran.webp HTTP/1.1" 200 -
[hub_server:http] "GET /assets/3D/Paradise/SM_ocean.glb HTTP/1.1" 200 -
[hub_server:http] "GET /assets/3D/Paradise/SM_island_ground.glb HTTP/1.1" 200 -
[hub_server:http] "GET /assets/3D/Stylized/SM_Stylized_Fountain.glb HTTP/1.1" 200 -
[hub_server:http] "GET /assets/3D/Stylized/SM_Stylized_Lamp_C.glb HTTP/1.1" 200 -
[hub_server:http] "GET /assets/3D/Stylized/SM_Stylized_Bench.glb HTTP/1.1" 200 -
[hub_server:http] "GET /assets/3D/Stylized/SM_Stylized_Table_A.glb HTTP/1.1" 200 -
[hub_server:http] "GET /assets/3D/Stylized/SM_Stylized_Basket.glb HTTP/1.1" 200 -
[hub_server:http] "GET /assets/3D/Stylized/SM_Door_Wall_01_wcream.glb HTTP/1.1" 200 -
[hub_server:http] "GET /assets/3D/Stylized/_Stylized_Barrel.glb HTTP/1.1" 200 -
[hub_server:http] "GET /assets/3D/Stylized/SM_Stylized_Box_var1.glb HTTP/1.1" 200 -
[hub_server:http] "GET /assets/3D/Stylized/SM_Large_Wall_02_wcream.glb HTTP/1.1" 200 -
[hub_server:http] "GET /assets/3D/Stylized/SM_Window_Wall_01_wcream.glb HTTP/1.1" 200 -
[hub_server:http] "GET /assets/3D/Stylized/SM_Door_01.glb HTTP/1.1" 200 -
[hub_server:http] "GET /assets/3D/Stylized/SM_Window_Wall_02_wcream.glb HTTP/1.1" 200 -
[hub_server:http] "GET /assets/3D/Stylized/SM_Large_Wall_03_wcream.glb HTTP/1.1" 200 -
[hub_server:http] "GET /assets/3D/Stylized/SM_Roof_02_rred.glb HTTP/1.1" 200 -
[hub_server:http] "GET /assets/3D/Stylized/SM_Roof_Wall_wcream.glb HTTP/1.1" 200 -
[hub_server:http] "GET /assets/3D/Stylized/SM_Door_Wall_01_wsand.glb HTTP/1.1" 200 -
[hub_server:http] "GET /assets/3D/Stylized/SM_Window_Wall_01_wsand.glb HTTP/1.1" 200 -
[hub_server:http] "GET /assets/3D/Stylized/SM_Large_Wall_03_wsand.glb HTTP/1.1" 200 -
[hub_server:http] "GET /assets/3D/Stylized/SM_Large_Wall_02_wsand.glb HTTP/1.1" 200 -
[hub_server:http] "GET /assets/3D/Stylized/SM_Roof_02_rbrown.glb HTTP/1.1" 200 -
[hub_server:http] "GET /assets/3D/Stylized/SM_Roof_Wall_wsand.glb HTTP/1.1" 200 -
[hub_server:http] "GET /assets/3D/Stylized/SM_Stylized_Table_B.glb HTTP/1.1" 200 -
[hub_server:http] "GET /assets/3D/Stylized/SM_Chimney.glb HTTP/1.1" 200 -
[hub_server:http] "GET /assets/3D/Stylized/SM_Stylized_Box_var2.glb HTTP/1.1" 200 -
[hub_server:http] "GET /assets/3D/Stylized/SM_Mill.glb HTTP/1.1" 200 -
[hub_server:http] "GET /assets/3D/Stylized/SM_Sunflower.glb HTTP/1.1" 200 -
[hub_server:http] "GET /assets/3D/Stylized/SM_Stylized_Fence_01.glb HTTP/1.1" 200 -
[hub_server:http] "GET /assets/3D/Stylized/SM_Door_Wall_01_wstone.glb HTTP/1.1" 200 -
[hub_server:http] "GET /assets/3D/Stylized/SM_Window_Wall_01_wstone.glb HTTP/1.1" 200 -
[hub_server:http] "GET /assets/3D/Stylized/SM_Large_Wall_02_wstone.glb HTTP/1.1" 200 -
[hub_server:http] "GET /assets/3D/Stylized/SM_Large_Wall_03_wstone.glb HTTP/1.1" 200 -
[hub_server:http] "GET /assets/3D/Stylized/SM_Window_Wall_02_wstone.glb HTTP/1.1" 200 -
[hub_server:http] "GET /assets/3D/Stylized/SM_Roof_Wall_wstone.glb HTTP/1.1" 200 -
[hub_server:http] "GET /assets/3D/Stylized/SM_Stylized_Bonfire.glb HTTP/1.1" 200 -
[hub_server:http] "GET /assets/3D/Stylized/SM_Door_Wall_01_wblue.glb HTTP/1.1" 200 -
[hub_server:http] "GET /assets/3D/Stylized/SM_Large_Wall_02_wblue.glb HTTP/1.1" 200 -
[hub_server:http] "GET /assets/3D/Stylized/SM_Window_Wall_01_wblue.glb HTTP/1.1" 200 -
[hub_server:http] "GET /assets/3D/Stylized/SM_Large_Wall_03_wblue.glb HTTP/1.1" 200 -
[hub_server:http] "GET /assets/3D/Stylized/SM_Large_Wall_02_wmint.glb HTTP/1.1" 200 -
[hub_server:http] "GET /assets/3D/Stylized/SM_Window_Wall_01_wmint.glb HTTP/1.1" 200 -
[hub_server:http] "GET /assets/3D/Stylized/SM_Door_Wall_01_wmint.glb HTTP/1.1" 200 -
[hub_server:http] "GET /assets/3D/Stylized/SM_Roof_Wall_wblue.glb HTTP/1.1" 200 -
[hub_server:http] "GET /assets/3D/Stylized/SM_Window_Wall_02_wblue.glb HTTP/1.1" 200 -
[hub_server:http] "GET /assets/3D/Stylized/SM_Large_Wall_03_wmint.glb HTTP/1.1" 200 -
[hub_server:http] "GET /assets/3D/Stylized/SM_Window_Wall_02_wmint.glb HTTP/1.1" 200 -
[hub_server:http] "GET /assets/3D/Stylized/SM_Roof_02_rslate.glb HTTP/1.1" 200 -
[hub_server:http] "GET /assets/3D/Stylized/SM_Roof_Wall_wmint.glb HTTP/1.1" 200 -
[hub_server:http] "GET /assets/3D/Stylized/SM_Window_Wall_01_wrose.glb HTTP/1.1" 200 -
[hub_server:http] "GET /assets/3D/Stylized/SM_Large_Wall_02_wrose.glb HTTP/1.1" 200 -
[hub_server:http] "GET /assets/3D/Stylized/SM_Door_Wall_01_wrose.glb HTTP/1.1" 200 -
[hub_server:http] "GET /assets/3D/Stylized/SM_Large_Wall_03_wrose.glb HTTP/1.1" 200 -
[hub_server:http] "GET /assets/3D/Stylized/SM_Window_Wall_02_wrose.glb HTTP/1.1" 200 -
[hub_server:http] "GET /assets/3D/Stylized/SM_Roof_Wall_wrose.glb HTTP/1.1" 200 -
[hub_server:http] "GET /assets/3D/Stylized/SM_Hay.glb HTTP/1.1" 200 -
[hub_server:http] "GET /assets/3D/Stylized/SM_Stylized_Wagon.glb HTTP/1.1" 200 -
[hub_server:http] "GET /assets/3D/Stylized/SM_Wheat.glb HTTP/1.1" 200 -
[hub_server:http] "GET /assets/3D/Stylized/SM_Stylized_Well.glb HTTP/1.1" 200 -
[hub_server:http] "GET /assets/3D/Stylized/SM_Stylized_Scarecrow.glb HTTP/1.1" 200 -
[hub_server:http] "GET /assets/3D/Stylized/SM_Dock_Straight.glb HTTP/1.1" 200 -
[hub_server:http] "GET /assets/3D/Stylized/SM_Stylized_Boat.glb HTTP/1.1" 200 -
[hub_server:http] "GET /assets/3D/Paradise/SM_cave_mountain.glb HTTP/1.1" 200 -
[hub_server:http] "GET /assets/3D/Paradise/SM_cave_inner.glb HTTP/1.1" 200 -
[hub_server:http] "GET /assets/3D/GodCity/SM_temple_decoration.glb HTTP/1.1" 200 -
[hub_server:http] "GET /assets/3D/GodCity/SM_temple_column.glb HTTP/1.1" 200 -
[hub_server:http] "GET /assets/3D/GodCity/SM_brasero.glb HTTP/1.1" 200 -
[hub_server:http] "GET /assets/3D/Paradise/SM_dg_rock.glb HTTP/1.1" 200 -
[hub_server:http] "GET /assets/3D/Stylized/SM_Stylized_Arch.glb HTTP/1.1" 200 -
[hub_server:http] "GET /assets/3D/Stylized/Tree_03.glb HTTP/1.1" 200 -
[hub_server:http] "GET /assets/3D/Stylized/SM_Stylized_WantedBoard.glb HTTP/1.1" 200 -
[hub_server:http] "GET /assets/3D/Stylized/SM_Stylized_Flag_Var1.glb HTTP/1.1" 200 -
[hub_server:http] "GET /assets/3D/Stylized/SM_Stylized_Flag_Var2.glb HTTP/1.1" 200 -
[hub_server:http] "GET /assets/3D/Stylized/Tree_06.glb HTTP/1.1" 200 -
[hub_server:http] "GET /assets/3D/Stylized/Tree_02.glb HTTP/1.1" 200 -
[hub_server:http] "GET /assets/3D/Stylized/Tree_05.glb HTTP/1.1" 200 -
[hub_server:http] "GET /assets/3D/Stylized/Tree_01.glb HTTP/1.1" 200 -
[hub_server:http] "GET /assets/3D/Stylized/B_Tree_01.glb HTTP/1.1" 200 -
[hub_server:http] "GET /assets/3D/Stylized/B_Tree_05.glb HTTP/1.1" 200 -
[hub_server:http] "GET /assets/3D/Stylized/SM_Pink_Flower.glb HTTP/1.1" 200 -
[hub_server:http] "GET /assets/3D/Stylized/SM_Grass_A.glb HTTP/1.1" 200 -
[hub_server:http] "GET /assets/3D/Stylized/SM_Grass_B.glb HTTP/1.1" 200 -
[hub_server:http] "GET /assets/3D/Stylized/Tree_04.glb HTTP/1.1" 200 -
[hub_server:http] "GET /assets/3D/Stylized/SM_Red_Flower.glb HTTP/1.1" 200 -
[hub_server:http] "GET /assets/3D/Stylized/SM_White_Flower.glb HTTP/1.1" 200 -
[hub_server:http] "GET /assets/3D/Stylized/SM_Yellow_Flower.glb HTTP/1.1" 200 -
[hub_server:http] "GET /assets/3D/Stylized/SM_Blue_Flower.glb HTTP/1.1" 200 -
[hub_server:http] "GET /assets/3D/Stylized/SM_TrunkTree.glb HTTP/1.1" 200 -
[hub_server:http] "GET /assets/3D/Stylized/SM_Vertical_Cliff_01.glb HTTP/1.1" 200 -
[hub_server:http] "GET /assets/3D/Stylized/SM_Cliff_02.glb HTTP/1.1" 200 -
[hub_server:http] "GET /assets/3D/Stylized/SM_Vertical_Cliff_02.glb HTTP/1.1" 200 -
[hub_server:http] "GET /assets/3D/Stylized/SM_Cliff_03.glb HTTP/1.1" 200 -
[hub_server:http] "GET /assets/3D/Stylized/SM_Stylized_Chest.glb HTTP/1.1" 200 -
[hub_server:http] "GET /assets/3D/Stylized/SM_Cliff_01.glb HTTP/1.1" 200 -
[hub_server:http] "GET /hub3d/npc/Walk-East.webp HTTP/1.1" 200 -
[hub_server:http] "GET /hub3d/npc/Walk-North.webp HTTP/1.1" 200 -
[hub_server:http] "GET /hub3d/npc/Walk-South.webp HTTP/1.1" 200 -
[hub_server:http] "GET /hub3d/npc/Walk-West.webp HTTP/1.1" 200 -
[hub_server:http] "GET /hub3d/npc/Rook.webp HTTP/1.1" 200 -
[hub_server:http] "GET /hub3d/npc/Lyra.webp HTTP/1.1" 200 -
[hub_server:http] "GET /hub3d/npc/Kael.webp HTTP/1.1" 200 -
[hub_server:http] "GET /hub3d/npc/Yulia.webp HTTP/1.1" 200 -
[hub_server:http] "GET /hub3d/npc/Draven.webp HTTP/1.1" 200 -
[hub_server:http] "GET /hub3d/npc/Sera.webp HTTP/1.1" 200 -
[hub_server:http] "GET /hub3d/stills.json HTTP/1.1" 200 -
[hub_server:http] "GET /assets/Backgrounds/layers/clouds_wisps.webp HTTP/1.1" 200 -
[hub_server:http] "GET /assets/Backgrounds/layers/clouds_puffy.webp HTTP/1.1" 200 -
[hub_server:http] "GET /assets/Backgrounds/layers/ridges_far.webp HTTP/1.1" 200 -
[hub_server:http] "GET /hub3d/sidequests.json HTTP/1.1" 200 -
[hub_server:http] "GET /assets/Music/mp3/04.%20Peaceful%20Village.mp3 HTTP/1.1" 200 -
[hub_server:http] "GET /assets/Portraits/Cracked%20Gargoyle.webp HTTP/1.1" 404 -
[hub_server:http] "GET /assets/SFX/10_UI_Menu_SFX/013_Confirm_03.wav HTTP/1.1" 200 -
[hub_server:http] "POST /api/world/hub_battle HTTP/1.1" 200 -
[hub_server:http] "GET /assets/SFX/10_UI_Menu_SFX/013_Confirm_03.wav HTTP/1.1" 200 -
[hub_server:http] "GET /battle?return=hub3d&scene=island&key=sq_garg HTTP/1.1" 200 -
[hub_server:http] "GET /hub3d/appmode.js HTTP/1.1" 200 -
[hub_server:http] "GET /battle/battlemap.js HTTP/1.1" 200 -
[hub_server:http] "GET /battle/battle3d.js HTTP/1.1" 200 -
[hub_server:http] "GET /hub3d/envfx.js HTTP/1.1" 200 -
[hub_server:ws] client connected -- starting a new battle
[hub_server:http] "GET /battle/maps/index.json HTTP/1.1" 200 -
[hub_server:http] "GET /assets/Artwork/Background.webp HTTP/1.1" 200 -
[hub_server:http] "GET /assets/Artwork/Icons.png HTTP/1.1" 200 -
[hub_server:http] "GET /assets/SFX/10_Battle_SFX/55_Encounter_02.wav HTTP/1.1" 200 -
[hub_server:http] "GET /assets/Battlers/Kael/Kael-Idle.png HTTP/1.1" 200 -
[hub_server:http] "GET /assets/Music/Battle/Battle1.mp3 HTTP/1.1" 200 -
[hub_server:http] "GET /assets/Battlers/Enemies/Stone-Gargoyle.png HTTP/1.1" 200 -
[hub_server:http] "GET /assets/Battlers/Kael/Kael-Run.png HTTP/1.1" 200 -
[hub_server:http] "GET /assets/Battlers/Kael/Kael-Attack.png HTTP/1.1" 200 -
[hub_server:http] "GET /assets/Artwork/Effect_BigHit/30fps/Spritesheets/Effect_BigHit_1_557x553.png HTTP/1.1" 200 -
[hub_server:http] "GET /assets/SFX/10_Battle_SFX/22_Slash_04.wav HTTP/1.1" 200 -
[ai] Stone Gargoyle: falling back to scripted AI (Model 'llama3.1' not found on http://localhost:11434/api/chat (model 'llama3.1' not found). Run `ollama list` to see exact model names, then pass --model <name> (or `ollama pull llama3.1` if it's genuinely missing).)
[hub_server:http] "GET /assets/SFX/10_Battle_SFX/22_Slash_04.wav HTTP/1.1" 200 -
[hub_server:http] "GET /assets/SFX/10_Battle_SFX/22_Slash_04.wav HTTP/1.1" 200 -
[ai] Stone Gargoyle: falling back to scripted AI (Model 'llama3.1' not found on http://localhost:11434/api/chat (model 'llama3.1' not found). Run `ollama list` to see exact model names, then pass --model <name> (or `ollama pull llama3.1` if it's genuinely missing).)
[hub_server:http] "GET /assets/SFX/10_Battle_SFX/22_Slash_04.wav HTTP/1.1" 200 -
[hub_server:http] "GET /assets/SFX/10_Battle_SFX/22_Slash_04.wav HTTP/1.1" 200 -
[ai] Stone Gargoyle: falling back to scripted AI (Model 'llama3.1' not found on http://localhost:11434/api/chat (model 'llama3.1' not found). Run `ollama list` to see exact model names, then pass --model <name> (or `ollama pull llama3.1` if it's genuinely missing).)
[hub_server:http] "GET /assets/SFX/10_Battle_SFX/22_Slash_04.wav HTTP/1.1" 200 -
[hub_server:http] "GET /assets/SFX/10_Battle_SFX/22_Slash_04.wav HTTP/1.1" 200 -
[ai] Stone Gargoyle: falling back to scripted AI (Model 'llama3.1' not found on http://localhost:11434/api/chat (model 'llama3.1' not found). Run `ollama list` to see exact model names, then pass --model <name> (or `ollama pull llama3.1` if it's genuinely missing).)
[hub_server:http] "GET /assets/SFX/10_Battle_SFX/22_Slash_04.wav HTTP/1.1" 200 -
[hub_server:http] "GET /assets/SFX/10_Battle_SFX/22_Slash_04.wav HTTP/1.1" 200 -
[ai] Stone Gargoyle: falling back to scripted AI (Model 'llama3.1' not found on http://localhost:11434/api/chat (model 'llama3.1' not found). Run `ollama list` to see exact model names, then pass --model <name> (or `ollama pull llama3.1` if it's genuinely missing).)
[hub_server:http] "GET /assets/SFX/10_Battle_SFX/22_Slash_04.wav HTTP/1.1" 200 -
[hub_server:http] "GET /assets/SFX/10_Battle_SFX/22_Slash_04.wav HTTP/1.1" 200 -
[ai] Stone Gargoyle: falling back to scripted AI (Model 'llama3.1' not found on http://localhost:11434/api/chat (model 'llama3.1' not found). Run `ollama list` to see exact model names, then pass --model <name> (or `ollama pull llama3.1` if it's genuinely missing).)
[hub_server:http] "GET /assets/SFX/10_Battle_SFX/22_Slash_04.wav HTTP/1.1" 200 -
[hub_server:http] "GET /assets/SFX/10_Battle_SFX/22_Slash_04.wav HTTP/1.1" 200 -
[ai] Stone Gargoyle: falling back to scripted AI (Model 'llama3.1' not found on http://localhost:11434/api/chat (model 'llama3.1' not found). Run `ollama list` to see exact model names, then pass --model <name> (or `ollama pull llama3.1` if it's genuinely missing).)
[hub_server:http] "GET /assets/SFX/10_Battle_SFX/22_Slash_04.wav HTTP/1.1" 200 -
[ai] Stone Gargoyle: falling back to scripted AI (Model 'llama3.1' not found on http://localhost:11434/api/chat (model 'llama3.1' not found). Run `ollama list` to see exact model names, then pass --model <name> (or `ollama pull llama3.1` if it's genuinely missing).)
[hub_server:http] "GET /assets/Artwork/Effect_Constellation/30fps/Spritesheets/Effect_Constellation_1_299x313.png HTTP/1.1" 200 -
[hub_server:http] "GET /assets/SFX/8_Buffs_Heals_SFX/17_Def_buff_01.wav HTTP/1.1" 200 -
[hub_server:http] "GET /assets/SFX/10_Battle_SFX/22_Slash_04.wav HTTP/1.1" 200 -
[ai] Stone Gargoyle: falling back to scripted AI (Model 'llama3.1' not found on http://localhost:11434/api/chat (model 'llama3.1' not found). Run `ollama list` to see exact model names, then pass --model <name> (or `ollama pull llama3.1` if it's genuinely missing).)
[hub_server:http] "GET /assets/SFX/10_Battle_SFX/22_Slash_04.wav HTTP/1.1" 200 -
[hub_server:http] "GET /assets/SFX/10_Battle_SFX/22_Slash_04.wav HTTP/1.1" 200 -
[ai] Stone Gargoyle: falling back to scripted AI (Model 'llama3.1' not found on http://localhost:11434/api/chat (model 'llama3.1' not found). Run `ollama list` to see exact model names, then pass --model <name> (or `ollama pull llama3.1` if it's genuinely missing).)
[hub_server:http] "GET /assets/SFX/10_Battle_SFX/22_Slash_04.wav HTTP/1.1" 200 -
[hub_server:http] "GET /assets/SFX/10_Battle_SFX/22_Slash_04.wav HTTP/1.1" 200 -
[ai] Stone Gargoyle: falling back to scripted AI (Model 'llama3.1' not found on http://localhost:11434/api/chat (model 'llama3.1' not found). Run `ollama list` to see exact model names, then pass --model <name> (or `ollama pull llama3.1` if it's genuinely missing).)
[hub_server:http] "GET /assets/SFX/10_Battle_SFX/22_Slash_04.wav HTTP/1.1" 200 -
[hub_server:http] "GET /assets/SFX/10_Battle_SFX/22_Slash_04.wav HTTP/1.1" 200 -
[ai] Stone Gargoyle: falling back to scripted AI (Model 'llama3.1' not found on http://localhost:11434/api/chat (model 'llama3.1' not found). Run `ollama list` to see exact model names, then pass --model <name> (or `ollama pull llama3.1` if it's genuinely missing).)
[hub_server:http] "GET /assets/SFX/10_Battle_SFX/22_Slash_04.wav HTTP/1.1" 200 -
[hub_server:http] "GET /assets/SFX/10_Battle_SFX/22_Slash_04.wav HTTP/1.1" 200 -
[ai] Stone Gargoyle: falling back to scripted AI (Model 'llama3.1' not found on http://localhost:11434/api/chat (model 'llama3.1' not found). Run `ollama list` to see exact model names, then pass --model <name> (or `ollama pull llama3.1` if it's genuinely missing).)
[hub_server:http] "GET /assets/SFX/10_Battle_SFX/22_Slash_04.wav HTTP/1.1" 200 -
[hub_server:http] "GET /assets/SFX/10_Battle_SFX/22_Slash_04.wav HTTP/1.1" 200 -
[ai] Stone Gargoyle: falling back to scripted AI (Model 'llama3.1' not found on http://localhost:11434/api/chat (model 'llama3.1' not found). Run `ollama list` to see exact model names, then pass --model <name> (or `ollama pull llama3.1` if it's genuinely missing).)
[hub_server:http] "GET /assets/SFX/8_Buffs_Heals_SFX/17_Def_buff_01.wav HTTP/1.1" 200 -
[hub_server:http] "GET /assets/SFX/10_Battle_SFX/22_Slash_04.wav HTTP/1.1" 200 -
[ai] Stone Gargoyle: falling back to scripted AI (Model 'llama3.1' not found on http://localhost:11434/api/chat (model 'llama3.1' not found). Run `ollama list` to see exact model names, then pass --model <name> (or `ollama pull llama3.1` if it's genuinely missing).)
[hub_server:http] "GET /assets/SFX/10_Battle_SFX/22_Slash_04.wav HTTP/1.1" 200 -
[hub_server:http] "GET /assets/SFX/10_Battle_SFX/22_Slash_04.wav HTTP/1.1" 200 -
[ai] Stone Gargoyle: falling back to scripted AI (Model 'llama3.1' not found on http://localhost:11434/api/chat (model 'llama3.1' not found). Run `ollama list` to see exact model names, then pass --model <name> (or `ollama pull llama3.1` if it's genuinely missing).)
[hub_server:http] "GET /assets/SFX/10_Battle_SFX/22_Slash_04.wav HTTP/1.1" 200 -
[hub_server:http] "GET /assets/SFX/10_Battle_SFX/22_Slash_04.wav HTTP/1.1" 200 -
[ai] Stone Gargoyle: falling back to scripted AI (Model 'llama3.1' not found on http://localhost:11434/api/chat (model 'llama3.1' not found). Run `ollama list` to see exact model names, then pass --model <name> (or `ollama pull llama3.1` if it's genuinely missing).)
[hub_server:http] "GET /assets/SFX/10_Battle_SFX/22_Slash_04.wav HTTP/1.1" 200 -
[hub_server:ws] client disconnected
[hub_server:http] "GET /assets/SFX/10_Battle_SFX/22_Slash_04.wav HTTP/1.1" 200 -
[hub_server:http] "GET /assets/SFX/10_Battle_SFX/69_Enemy_death_01.wav HTTP/1.1" 200 -
[hub_server:http] "GET /assets/Music/Main/Main.mp3 HTTP/1.1" 200 -
[hub_server:http] "GET /?view=3d&scene=island&cleared=sq_garg HTTP/1.1" 200 -
[hub_server:http] "GET /battle/battlemap.js HTTP/1.1" 200 -
[hub_server:http] "GET /hub3d/hub3d.js HTTP/1.1" 200 -
[hub_server:http] "GET /hub3d/jrpgmenu.js HTTP/1.1" 200 -
[hub_server:http] "POST /api/story/slave HTTP/1.1" 200 -
[hub_server:http] "GET /hub3d/envfx.js HTTP/1.1" 200 -
[hub_server:http] "GET /assets/Artwork/Background.webp HTTP/1.1" 200 -
[hub_server:http] "GET /api/state HTTP/1.1" 200 -
[hub_server:http] "GET /hub3d/island.json HTTP/1.1" 200 -
[hub_server:http] "GET /assets/Music/Main/Main.mp3 HTTP/1.1" 200 -
[hub_server:http] "GET /assets/Bosses/ColliseumChamp/ColliseumChamp-Portrait.webp HTTP/1.1" 200 -
[hub_server:http] "GET /hub3d/sprites.json HTTP/1.1" 200 -
[hub_server:http] "GET /assets/Portraits/Bran.webp HTTP/1.1" 200 -
[hub_server:http] "GET /assets/3D/Paradise/SM_ocean.glb HTTP/1.1" 200 -
[hub_server:http] "GET /assets/3D/Stylized/SM_Stylized_Fountain.glb HTTP/1.1" 200 -
[hub_server:http] "GET /assets/3D/Stylized/SM_Stylized_Lamp_C.glb HTTP/1.1" 200 -
[hub_server:http] "GET /assets/3D/Stylized/SM_Stylized_Bench.glb HTTP/1.1" 200 -
[hub_server:http] "GET /assets/3D/Paradise/SM_island_ground.glb HTTP/1.1" 200 -
[hub_server:http] "GET /assets/3D/Stylized/SM_Stylized_Table_A.glb HTTP/1.1" 200 -
[hub_server:http] "GET /assets/3D/Stylized/SM_Stylized_Basket.glb HTTP/1.1" 200 -
[hub_server:http] "GET /assets/3D/Stylized/SM_Door_Wall_01_wcream.glb HTTP/1.1" 200 -
[hub_server:http] "GET /assets/3D/Stylized/_Stylized_Barrel.glb HTTP/1.1" 200 -
[hub_server:http] "GET /assets/3D/Stylized/SM_Stylized_Box_var1.glb HTTP/1.1" 200 -
[hub_server:http] "GET /assets/3D/Stylized/SM_Large_Wall_02_wcream.glb HTTP/1.1" 200 -
[hub_server:http] "GET /assets/3D/Stylized/SM_Window_Wall_01_wcream.glb HTTP/1.1" 200 -
[hub_server:http] "GET /assets/3D/Stylized/SM_Window_Wall_02_wcream.glb HTTP/1.1" 200 -
[hub_server:http] "GET /assets/3D/Stylized/SM_Door_01.glb HTTP/1.1" 200 -
[hub_server:http] "GET /assets/3D/Stylized/SM_Large_Wall_03_wcream.glb HTTP/1.1" 200 -
[hub_server:http] "GET /assets/3D/Stylized/SM_Roof_02_rred.glb HTTP/1.1" 200 -
[hub_server:http] "GET /assets/3D/Stylized/SM_Door_Wall_01_wsand.glb HTTP/1.1" 200 -
[hub_server:http] "GET /assets/3D/Stylized/SM_Large_Wall_02_wsand.glb HTTP/1.1" 200 -
[hub_server:http] "GET /assets/3D/Stylized/SM_Roof_Wall_wcream.glb HTTP/1.1" 200 -
[hub_server:http] "GET /assets/3D/Stylized/SM_Window_Wall_01_wsand.glb HTTP/1.1" 200 -
[hub_server:http] "GET /assets/3D/Stylized/SM_Large_Wall_03_wsand.glb HTTP/1.1" 200 -
[hub_server:http] "GET /assets/3D/Stylized/SM_Roof_02_rbrown.glb HTTP/1.1" 200 -
[hub_server:http] "GET /assets/3D/Stylized/SM_Stylized_Box_var2.glb HTTP/1.1" 200 -
[hub_server:http] "GET /assets/3D/Stylized/SM_Chimney.glb HTTP/1.1" 200 -
[hub_server:http] "GET /assets/3D/Stylized/SM_Roof_Wall_wsand.glb HTTP/1.1" 200 -
[hub_server:http] "GET /assets/3D/Stylized/SM_Stylized_Table_B.glb HTTP/1.1" 200 -
[hub_server:http] "GET /assets/3D/Stylized/SM_Mill.glb HTTP/1.1" 200 -
[hub_server:http] "GET /assets/3D/Stylized/SM_Sunflower.glb HTTP/1.1" 200 -
[hub_server:http] "GET /assets/3D/Stylized/SM_Stylized_Fence_01.glb HTTP/1.1" 200 -
[hub_server:http] "GET /assets/3D/Stylized/SM_Window_Wall_01_wstone.glb HTTP/1.1" 200 -
[hub_server:http] "GET /assets/3D/Stylized/SM_Door_Wall_01_wstone.glb HTTP/1.1" 200 -
[hub_server:http] "GET /assets/3D/Stylized/SM_Large_Wall_02_wstone.glb HTTP/1.1" 200 -
[hub_server:http] "GET /assets/3D/Stylized/SM_Large_Wall_03_wstone.glb HTTP/1.1" 200 -
[hub_server:http] "GET /assets/3D/Stylized/SM_Window_Wall_02_wstone.glb HTTP/1.1" 200 -
[hub_server:http] "GET /assets/3D/Stylized/SM_Roof_Wall_wstone.glb HTTP/1.1" 200 -
[hub_server:http] "GET /assets/3D/Stylized/SM_Stylized_Bonfire.glb HTTP/1.1" 200 -
[hub_server:http] "GET /assets/3D/Stylized/SM_Door_Wall_01_wblue.glb HTTP/1.1" 200 -
[hub_server:http] "GET /assets/3D/Stylized/SM_Large_Wall_02_wblue.glb HTTP/1.1" 200 -
[hub_server:http] "GET /assets/3D/Stylized/SM_Window_Wall_01_wblue.glb HTTP/1.1" 200 -
[hub_server:http] "GET /assets/3D/Stylized/SM_Large_Wall_03_wblue.glb HTTP/1.1" 200 -
[hub_server:http] "GET /assets/3D/Stylized/SM_Window_Wall_02_wblue.glb HTTP/1.1" 200 -
[hub_server:http] "GET /assets/3D/Stylized/SM_Roof_Wall_wblue.glb HTTP/1.1" 200 -
[hub_server:http] "GET /assets/3D/Stylized/SM_Window_Wall_01_wmint.glb HTTP/1.1" 200 -
[hub_server:http] "GET /assets/3D/Stylized/SM_Large_Wall_02_wmint.glb HTTP/1.1" 200 -
[hub_server:http] "GET /assets/3D/Stylized/SM_Door_Wall_01_wmint.glb HTTP/1.1" 200 -
[hub_server:http] "GET /assets/3D/Stylized/SM_Large_Wall_03_wmint.glb HTTP/1.1" 200 -
[hub_server:http] "GET /assets/3D/Stylized/SM_Window_Wall_02_wmint.glb HTTP/1.1" 200 -
[hub_server:http] "GET /assets/3D/Stylized/SM_Window_Wall_01_wrose.glb HTTP/1.1" 200 -
[hub_server:http] "GET /assets/3D/Stylized/SM_Roof_Wall_wmint.glb HTTP/1.1" 200 -
[hub_server:http] "GET /assets/3D/Stylized/SM_Large_Wall_02_wrose.glb HTTP/1.1" 200 -
[hub_server:http] "GET /assets/3D/Stylized/SM_Roof_02_rslate.glb HTTP/1.1" 200 -
[hub_server:http] "GET /assets/3D/Stylized/SM_Door_Wall_01_wrose.glb HTTP/1.1" 200 -
[hub_server:http] "GET /assets/3D/Stylized/SM_Stylized_Wagon.glb HTTP/1.1" 200 -
[hub_server:http] "GET /assets/3D/Stylized/SM_Large_Wall_03_wrose.glb HTTP/1.1" 200 -
[hub_server:http] "GET /assets/3D/Stylized/SM_Roof_Wall_wrose.glb HTTP/1.1" 200 -
[hub_server:http] "GET /assets/3D/Stylized/SM_Window_Wall_02_wrose.glb HTTP/1.1" 200 -
[hub_server:http] "GET /assets/3D/Stylized/SM_Hay.glb HTTP/1.1" 200 -
[hub_server:http] "GET /assets/3D/Stylized/SM_Wheat.glb HTTP/1.1" 200 -
[hub_server:http] "GET /assets/3D/Stylized/SM_Stylized_Scarecrow.glb HTTP/1.1" 200 -
[hub_server:http] "GET /assets/3D/Stylized/SM_Stylized_Boat.glb HTTP/1.1" 200 -
[hub_server:http] "GET /assets/3D/Stylized/SM_Dock_Straight.glb HTTP/1.1" 200 -
[hub_server:http] "GET /assets/3D/Stylized/SM_Stylized_Well.glb HTTP/1.1" 200 -
[hub_server:http] "GET /assets/3D/Paradise/SM_cave_mountain.glb HTTP/1.1" 200 -
[hub_server:http] "GET /assets/3D/Paradise/SM_cave_inner.glb HTTP/1.1" 200 -
[hub_server:http] "GET /assets/3D/GodCity/SM_temple_column.glb HTTP/1.1" 200 -
[hub_server:http] "GET /assets/3D/GodCity/SM_brasero.glb HTTP/1.1" 200 -
[hub_server:http] "GET /assets/3D/GodCity/SM_temple_decoration.glb HTTP/1.1" 200 -
[hub_server:http] "GET /assets/3D/Paradise/SM_dg_rock.glb HTTP/1.1" 200 -
[hub_server:http] "GET /assets/3D/Stylized/SM_Stylized_Arch.glb HTTP/1.1" 200 -
[hub_server:http] "GET /assets/3D/Stylized/Tree_03.glb HTTP/1.1" 200 -
[hub_server:http] "GET /assets/3D/Stylized/SM_Stylized_WantedBoard.glb HTTP/1.1" 200 -
[hub_server:http] "GET /assets/3D/Stylized/SM_Stylized_Flag_Var1.glb HTTP/1.1" 200 -
[hub_server:http] "GET /assets/3D/Stylized/SM_Stylized_Flag_Var2.glb HTTP/1.1" 200 -
[hub_server:http] "GET /assets/3D/Stylized/Tree_06.glb HTTP/1.1" 200 -
[hub_server:http] "GET /assets/3D/Stylized/Tree_01.glb HTTP/1.1" 200 -
[hub_server:http] "GET /assets/3D/Stylized/Tree_02.glb HTTP/1.1" 200 -
[hub_server:http] "GET /assets/3D/Stylized/Tree_05.glb HTTP/1.1" 200 -
[hub_server:http] "GET /assets/3D/Stylized/B_Tree_01.glb HTTP/1.1" 200 -
[hub_server:http] "GET /assets/3D/Stylized/B_Tree_05.glb HTTP/1.1" 200 -
[hub_server:http] "GET /assets/3D/Stylized/SM_Pink_Flower.glb HTTP/1.1" 200 -
[hub_server:http] "GET /assets/3D/Stylized/SM_Grass_B.glb HTTP/1.1" 200 -
[hub_server:http] "GET /assets/3D/Stylized/Tree_04.glb HTTP/1.1" 200 -
[hub_server:http] "GET /assets/3D/Stylized/SM_Grass_A.glb HTTP/1.1" 200 -
[hub_server:http] "GET /assets/3D/Stylized/SM_TrunkTree.glb HTTP/1.1" 200 -
[hub_server:http] "GET /assets/3D/Stylized/SM_Red_Flower.glb HTTP/1.1" 200 -
[hub_server:http] "GET /assets/3D/Stylized/SM_White_Flower.glb HTTP/1.1" 200 -
[hub_server:http] "GET /assets/3D/Stylized/SM_Yellow_Flower.glb HTTP/1.1" 200 -
[hub_server:http] "GET /assets/3D/Stylized/SM_Cliff_02.glb HTTP/1.1" 200 -
[hub_server:http] "GET /assets/3D/Stylized/SM_Blue_Flower.glb HTTP/1.1" 200 -
[hub_server:http] "GET /assets/3D/Stylized/SM_Vertical_Cliff_02.glb HTTP/1.1" 200 -
[hub_server:http] "GET /assets/3D/Stylized/SM_Vertical_Cliff_01.glb HTTP/1.1" 200 -
[hub_server:http] "GET /assets/3D/Stylized/SM_Cliff_03.glb HTTP/1.1" 200 -
[hub_server:http] "GET /assets/3D/Stylized/SM_Cliff_01.glb HTTP/1.1" 200 -
[hub_server:http] "GET /assets/3D/Stylized/SM_Stylized_Chest.glb HTTP/1.1" 200 -
[hub_server:http] "GET /hub3d/npc/Walk-South.webp HTTP/1.1" 200 -
[hub_server:http] "GET /hub3d/npc/Walk-East.webp HTTP/1.1" 200 -
[hub_server:http] "GET /hub3d/npc/Walk-North.webp HTTP/1.1" 200 -
[hub_server:http] "GET /hub3d/npc/Walk-West.webp HTTP/1.1" 200 -
[hub_server:http] "GET /hub3d/npc/Rook.webp HTTP/1.1" 200 -
[hub_server:http] "GET /hub3d/npc/Lyra.webp HTTP/1.1" 200 -
[hub_server:http] "GET /hub3d/npc/Kael.webp HTTP/1.1" 200 -
[hub_server:http] "GET /hub3d/npc/Yulia.webp HTTP/1.1" 200 -
[hub_server:http] "GET /hub3d/npc/Draven.webp HTTP/1.1" 200 -
[hub_server:http] "GET /hub3d/npc/Sera.webp HTTP/1.1" 200 -
[hub_server:http] "GET /hub3d/stills.json HTTP/1.1" 200 -
[hub_server:http] "GET /assets/Backgrounds/layers/clouds_wisps.webp HTTP/1.1" 200 -
[hub_server:http] "GET /assets/Backgrounds/layers/clouds_puffy.webp HTTP/1.1" 200 -
[hub_server:http] "GET /assets/Backgrounds/layers/ridges_far.webp HTTP/1.1" 200 -
[hub_server:http] "GET /hub3d/sidequests.json HTTP/1.1" 200 -
[hub_server:http] "GET /assets/Music/mp3/04.%20Peaceful%20Village.mp3 HTTP/1.1" 200 -
[hub_server:http] "POST /api/story/chest HTTP/1.1" 200 -
[hub_server:http] "GET /api/state HTTP/1.1" 200 -
[hub_server:http] "GET /assets/SFX/10_UI_Menu_SFX/013_Confirm_03.wav HTTP/1.1" 200 -
[hub_server:http] "GET /assets/Portraits/Kael.webp HTTP/1.1" 200 -
[hub_server:http] "GET /assets/SFX/10_UI_Menu_SFX/013_Confirm_03.wav HTTP/1.1" 200 -
[hub_server:http] "GET /hub3d/island.json HTTP/1.1" 200 -
[hub_server:http] "GET /hub3d/sprites.json HTTP/1.1" 200 -
[hub_server:http] "GET /assets/SFX/10_UI_Menu_SFX/013_Confirm_03.wav HTTP/1.1" 200 -
[hub_server:http] "GET /hub3d/stills.json HTTP/1.1" 200 -
[hub_server:http] "GET /api/state HTTP/1.1" 200 -
[hub_server:http] "GET /assets/Portraits/Mayor%20Orrin.webp HTTP/1.1" 404 -
[hub_server:http] "GET /assets/SFX/10_UI_Menu_SFX/013_Confirm_03.wav HTTP/1.1" 200 -
[hub_server:http] "GET /assets/SFX/10_UI_Menu_SFX/013_Confirm_03.wav HTTP/1.1" 200 -
[hub_server:http] "GET /assets/SFX/10_UI_Menu_SFX/013_Confirm_03.wav HTTP/1.1" 200 -
[hub_server:http] "GET /hub3d/island.json HTTP/1.1" 200 -
[hub_server:http] "GET /hub3d/sprites.json HTTP/1.1" 200 -
[hub_server:http] "GET /assets/SFX/10_UI_Menu_SFX/013_Confirm_03.wav HTTP/1.1" 200 -
[hub_server:http] "GET /hub3d/npc/Walk-North.webp HTTP/1.1" 200 -
[hub_server:http] "GET /hub3d/npc/Walk-South.webp HTTP/1.1" 200 -
[hub_server:http] "GET /hub3d/npc/Walk-East.webp HTTP/1.1" 200 -
[hub_server:http] "GET /hub3d/npc/Rook.webp HTTP/1.1" 200 -
[hub_server:http] "GET /hub3d/npc/Lyra.webp HTTP/1.1" 200 -
[hub_server:http] "GET /hub3d/npc/Walk-West.webp HTTP/1.1" 200 -
[hub_server:http] "GET /hub3d/npc/Yulia.webp HTTP/1.1" 200 -
[hub_server:http] "GET /hub3d/npc/Kael.webp HTTP/1.1" 200 -
[hub_server:http] "GET /hub3d/npc/Draven.webp HTTP/1.1" 200 -
[hub_server:http] "GET /hub3d/npc/Sera.webp HTTP/1.1" 200 -
[hub_server:http] "GET /hub3d/stills.json HTTP/1.1" 200 -
[hub_server:http] "GET /assets/Backgrounds/layers/clouds_wisps.webp HTTP/1.1" 200 -
[hub_server:http] "GET /assets/Backgrounds/layers/clouds_puffy.webp HTTP/1.1" 200 -
[hub_server:http] "GET /assets/Backgrounds/layers/ridges_far.webp HTTP/1.1" 200 -
[hub_server:http] "GET /api/state HTTP/1.1" 200 -
[hub_server:http] "GET /assets/SFX/10_UI_Menu_SFX/013_Confirm_03.wav HTTP/1.1" 200 -
[hub_server:http] "GET /assets/SFX/10_UI_Menu_SFX/013_Confirm_03.wav HTTP/1.1" 200 -
[hub_server:http] "GET /assets/Portraits/Cave%20Warden.webp HTTP/1.1" 404 -
[hub_server:http] "GET /assets/SFX/10_UI_Menu_SFX/013_Confirm_03.wav HTTP/1.1" 200 -
[hub_server:http] "GET /assets/SFX/10_UI_Menu_SFX/013_Confirm_03.wav HTTP/1.1" 200 -
[hub_server:http] "GET /assets/SFX/10_UI_Menu_SFX/013_Confirm_03.wav HTTP/1.1" 200 -
[hub_server:http] "GET /assets/Portraits/Scholar%20Nema.webp HTTP/1.1" 404 -
[hub_server:http] "GET /assets/SFX/10_UI_Menu_SFX/013_Confirm_03.wav HTTP/1.1" 200 -
[hub_server:http] "GET /assets/SFX/10_UI_Menu_SFX/013_Confirm_03.wav HTTP/1.1" 200 -
[hub_server:http] "GET /hub3d/island.json HTTP/1.1" 200 -
[hub_server:http] "GET /assets/SFX/10_UI_Menu_SFX/013_Confirm_03.wav HTTP/1.1" 200 -
[hub_server:http] "GET /hub3d/sprites.json HTTP/1.1" 200 -
[hub_server:http] "GET /hub3d/npc/Walk-South.webp HTTP/1.1" 200 -
[hub_server:http] "GET /hub3d/npc/Walk-North.webp HTTP/1.1" 200 -
[hub_server:http] "GET /hub3d/npc/Walk-West.webp HTTP/1.1" 200 -
[hub_server:http] "GET /hub3d/npc/Walk-East.webp HTTP/1.1" 200 -
[hub_server:http] "GET /hub3d/npc/Rook.webp HTTP/1.1" 200 -
[hub_server:http] "GET /hub3d/npc/Lyra.webp HTTP/1.1" 200 -
[hub_server:http] "GET /hub3d/npc/Kael.webp HTTP/1.1" 200 -
[hub_server:http] "GET /hub3d/npc/Yulia.webp HTTP/1.1" 200 -
[hub_server:http] "GET /hub3d/npc/Draven.webp HTTP/1.1" 200 -
[hub_server:http] "GET /hub3d/npc/Sera.webp HTTP/1.1" 200 -
[hub_server:http] "GET /hub3d/stills.json HTTP/1.1" 200 -
[hub_server:http] "GET /assets/Backgrounds/layers/clouds_wisps.webp HTTP/1.1" 200 -
[hub_server:http] "GET /assets/Backgrounds/layers/clouds_puffy.webp HTTP/1.1" 200 -
[hub_server:http] "GET /assets/Backgrounds/layers/ridges_far.webp HTTP/1.1" 200 -
[hub_server:http] "GET /api/state HTTP/1.1" 200 -
[hub_server:http] "GET /assets/Portraits/The%20Whispering%20Wood.webp HTTP/1.1" 404 -
[hub_server:http] "GET /hub3d/forest.json HTTP/1.1" 200 -
[hub_server:http] "GET /hub3d/sprites.json HTTP/1.1" 200 -
[hub_server:http] "GET /assets/SFX/10_UI_Menu_SFX/013_Confirm_03.wav HTTP/1.1" 200 -
[hub_server:http] "GET /assets/3D/Paradise/SM_rock_02.glb HTTP/1.1" 200 -
[hub_server:http] "GET /assets/3D/Paradise/SM_rock_01.glb HTTP/1.1" 200 -
[hub_server:http] "GET /assets/3D/kenney_retro-fantasy-kit/Models/GLB%20format/tree-shrub.glb HTTP/1.1" 200 -
[hub_server:http] "GET /assets/3D/kenney_retro-fantasy-kit/Models/GLB%20format/tree-large.glb HTTP/1.1" 200 -
[hub_server:http] "GET /assets/3D/Paradise/SM_forest_ground.glb HTTP/1.1" 200 -
[hub_server:http] "GET /assets/3D/Paradise/SM_Plant_01.glb HTTP/1.1" 200 -
[hub_server:http] "GET /assets/3D/Paradise/SM_grass_02.glb HTTP/1.1" 200 -
[hub_server:http] "GET /assets/3D/GodCity/SM_flowers_02.glb HTTP/1.1" 200 -
[hub_server:http] "GET /assets/3D/Paradise/SM_grass_01.glb HTTP/1.1" 200 -
[hub_server:http] "GET /assets/3D/GodCity/SM_flowers_01.glb HTTP/1.1" 200 -
[hub_server:http] "GET /assets/3D/Paradise/SM_Plant_03.glb HTTP/1.1" 200 -
[hub_server:http] "GET /assets/3D/Paradise/SM_Plant_02.glb HTTP/1.1" 200 -
[hub_server:http] "GET /assets/3D/kenney_retro-fantasy-kit/Models/GLB%20format/wall-pane-wood-window.glb HTTP/1.1" 200 -
[hub_server:http] "GET /assets/3D/kenney_retro-fantasy-kit/Models/GLB%20format/wall-pane-wood-door.glb HTTP/1.1" 200 -
[hub_server:http] "GET /assets/3D/kenney_retro-fantasy-kit/Models/GLB%20format/wall-pane-wood.glb HTTP/1.1" 200 -
[hub_server:http] "GET /assets/3D/kenney_retro-fantasy-kit/Models/GLB%20format/detail-crate.glb HTTP/1.1" 200 -
[hub_server:http] "GET /assets/3D/kenney_retro-fantasy-kit/Models/GLB%20format/roof-high-side-brown.glb HTTP/1.1" 200 -
[hub_server:http] "GET /assets/3D/kenney_retro-fantasy-kit/Models/GLB%20format/barrels.glb HTTP/1.1" 200 -
[hub_server:http] "GET /assets/3D/Paradise/SM_pillar.glb HTTP/1.1" 200 -
[hub_server:http] "GET /assets/3D/Paradise/SM_waterfall.glb HTTP/1.1" 200 -
[hub_server:http] "GET /assets/3D/kenney_retro-fantasy-kit/Models/GLB%20format/structure-poles.glb HTTP/1.1" 200 -
[hub_server:http] "GET /assets/3D/GodCity/SM_market_tent_01.glb HTTP/1.1" 200 -
[hub_server:http] "GET /assets/3D/Paradise/SM_bed.glb HTTP/1.1" 200 -
[hub_server:http] "GET /assets/3D/Paradise/SM_table_02.glb HTTP/1.1" 200 -
[hub_server:http] "GET /assets/3D/kenney_retro-fantasy-kit/Models/GLB%20format/detail-crate-small.glb HTTP/1.1" 200 -
[hub_server:http] "GET /assets/3D/kenney_retro-fantasy-kit/Models/GLB%20format/fence.glb HTTP/1.1" 200 -
[hub_server:http] "GET /assets/3D/GodCity/SM_bush_01.glb HTTP/1.1" 200 -
[hub_server:http] "GET /assets/3D/GodCity/SM_bush_02.glb HTTP/1.1" 200 -
[hub_server:http] "GET /assets/3D/GodCity/SM_market_tent_02.glb HTTP/1.1" 200 -
[hub_server:http] "GET /assets/3D/kenney_retro-fantasy-kit/Models/GLB%20format/column.glb HTTP/1.1" 200 -
[hub_server:http] "GET /assets/3D/GodCity/SM_circular_terrace.glb HTTP/1.1" 200 -
[hub_server:http] "GET /assets/3D/kenney_retro-fantasy-kit/Models/GLB%20format/structure.glb HTTP/1.1" 200 -
[hub_server:http] "GET /assets/3D/kenney_retro-fantasy-kit/Models/GLB%20format/column-wood.glb HTTP/1.1" 200 -
[hub_server:http] "GET /assets/3D/kenney_retro-fantasy-kit/Models/GLB%20format/floor-flat.glb HTTP/1.1" 200 -
[hub_server:http] "GET /assets/3D/kenney_retro-fantasy-kit/Models/GLB%20format/wall-pane-paint-door.glb HTTP/1.1" 200 -
[hub_server:http] "GET /assets/3D/kenney_retro-fantasy-kit/Models/GLB%20format/wall-pane-paint-window.glb HTTP/1.1" 200 -
[hub_server:http] "GET /assets/3D/kenney_retro-fantasy-kit/Models/GLB%20format/wall-pane-paint.glb HTTP/1.1" 200 -
[hub_server:http] "GET /assets/3D/kenney_retro-fantasy-kit/Models/GLB%20format/roof.glb HTTP/1.1" 200 -
[hub_server:http] "GET /assets/3D/kenney_retro-fantasy-kit/Models/GLB%20format/Textures/cobblestone.png HTTP/1.1" 200 -
[hub_server:http] "GET /assets/3D/kenney_retro-fantasy-kit/Models/GLB%20format/Textures/tree.png HTTP/1.1" 200 -
[hub_server:http] "GET /assets/3D/kenney_retro-fantasy-kit/Models/GLB%20format/Textures/planks.png HTTP/1.1" 200 -
[hub_server:http] "GET /assets/3D/kenney_retro-fantasy-kit/Models/GLB%20format/Textures/details.png HTTP/1.1" 200 -
[hub_server:http] "GET /assets/3D/kenney_retro-fantasy-kit/Models/GLB%20format/Textures/barrel.png HTTP/1.1" 200 -
[hub_server:http] "GET /assets/3D/kenney_retro-fantasy-kit/Models/GLB%20format/Textures/roof-brown.png HTTP/1.1" 200 -
[hub_server:http] "GET /assets/3D/kenney_retro-fantasy-kit/Models/GLB%20format/Textures/cobblestoneAlternative.png HTTP/1.1" 200 -
[hub_server:http] "GET /assets/3D/kenney_retro-fantasy-kit/Models/GLB%20format/Textures/fence.png HTTP/1.1" 200 -
[hub_server:http] "GET /assets/3D/kenney_retro-fantasy-kit/Models/GLB%20format/Textures/cobblestonePainted.png HTTP/1.1" 200 -
[hub_server:http] "GET /assets/3D/kenney_retro-fantasy-kit/Models/GLB%20format/Textures/roof.png HTTP/1.1" 200 -
[hub_server:http] "GET /hub3d/npc/Walk-East.webp HTTP/1.1" 200 -
[hub_server:http] "GET /hub3d/npc/Walk-South.webp HTTP/1.1" 200 -
[hub_server:http] "GET /hub3d/npc/Walk-North.webp HTTP/1.1" 200 -
[hub_server:http] "GET /hub3d/npc/Walk-West.webp HTTP/1.1" 200 -
[hub_server:http] "GET /hub3d/npc/Draven.webp HTTP/1.1" 200 -
[hub_server:http] "GET /hub3d/npc/Rook.webp HTTP/1.1" 200 -
[hub_server:http] "GET /hub3d/npc/Yulia.webp HTTP/1.1" 200 -
[hub_server:http] "GET /hub3d/npc/Sera.webp HTTP/1.1" 200 -
[hub_server:http] "GET /hub3d/npc/Kael.webp HTTP/1.1" 200 -
[hub_server:http] "GET /hub3d/stills.json HTTP/1.1" 200 -
[hub_server:http] "GET /assets/Battlers/Enemies/Goblin-Skirmisher.png HTTP/1.1" 200 -
[hub_server:http] "GET /assets/Battlers/Enemies/Venom-Spider.png HTTP/1.1" 200 -
[hub_server:http] "GET /assets/Bosses/Briarmaw/Briarmaw.png HTTP/1.1" 200 -
[hub_server:http] "GET /api/state HTTP/1.1" 200 -
[hub_server:http] "GET /assets/Music/mp3/07.%20Spirits%20Forest%20(intro).mp3 HTTP/1.1" 200 -
[hub_server:http] "GET /assets/Portraits/Alpha%20Spider.webp HTTP/1.1" 404 -
[hub_server:http] "GET /assets/SFX/10_UI_Menu_SFX/013_Confirm_03.wav HTTP/1.1" 200 -
[hub_server:http] "POST /api/world/hub_battle HTTP/1.1" 200 -
[hub_server:http] "GET /assets/SFX/10_UI_Menu_SFX/013_Confirm_03.wav HTTP/1.1" 200 -
[hub_server:http] "GET /battle?return=hub3d&scene=forest&key=sq_alpha HTTP/1.1" 200 -
[hub_server:http] "GET /hub3d/appmode.js HTTP/1.1" 200 -
[hub_server:http] "GET /battle/battlemap.js HTTP/1.1" 200 -
[hub_server:http] "GET /battle/battle3d.js HTTP/1.1" 200 -
[hub_server:http] "GET /hub3d/envfx.js HTTP/1.1" 200 -
[hub_server:ws] client connected -- starting a new battle
[hub_server:http] "GET /battle/maps/index.json HTTP/1.1" 200 -
[hub_server:http] "GET /assets/Artwork/Background.webp HTTP/1.1" 200 -
[hub_server:http] "GET /assets/Artwork/Icons.png HTTP/1.1" 200 -
[hub_server:http] "GET /assets/Battlers/Enemies/Venom-Spider.png HTTP/1.1" 200 -
[hub_server:http] "GET /assets/Battlers/Kael/Kael-Idle.png HTTP/1.1" 200 -
[hub_server:http] "GET /assets/SFX/10_Battle_SFX/55_Encounter_02.wav HTTP/1.1" 200 -
[hub_server:http] "GET /assets/Music/Battle/Battle1.mp3 HTTP/1.1" 200 -
[hub_server:http] "GET /assets/Battlers/Kael/Kael-Run.png HTTP/1.1" 200 -
[hub_server:http] "GET /assets/Battlers/Kael/Kael-Attack.png HTTP/1.1" 200 -
[hub_server:http] "GET /assets/Artwork/Effect_BigHit/30fps/Spritesheets/Effect_BigHit_1_557x553.png HTTP/1.1" 200 -
[hub_server:http] "GET /assets/SFX/10_Battle_SFX/22_Slash_04.wav HTTP/1.1" 200 -
[ai] Venom Spider: falling back to scripted AI (Model 'llama3.1' not found on http://localhost:11434/api/chat (model 'llama3.1' not found). Run `ollama list` to see exact model names, then pass --model <name> (or `ollama pull llama3.1` if it's genuinely missing).)
[hub_server:http] "GET /assets/SFX/10_Battle_SFX/22_Slash_04.wav HTTP/1.1" 200 -
[hub_server:http] "GET /assets/SFX/10_Battle_SFX/22_Slash_04.wav HTTP/1.1" 200 -
[ai] Venom Spider: falling back to scripted AI (Model 'llama3.1' not found on http://localhost:11434/api/chat (model 'llama3.1' not found). Run `ollama list` to see exact model names, then pass --model <name> (or `ollama pull llama3.1` if it's genuinely missing).)
[hub_server:http] "GET /assets/SFX/10_Battle_SFX/22_Slash_04.wav HTTP/1.1" 200 -
[hub_server:http] "GET /assets/SFX/10_Battle_SFX/22_Slash_04.wav HTTP/1.1" 200 -
[ai] Venom Spider: falling back to scripted AI (Model 'llama3.1' not found on http://localhost:11434/api/chat (model 'llama3.1' not found). Run `ollama list` to see exact model names, then pass --model <name> (or `ollama pull llama3.1` if it's genuinely missing).)
[hub_server:http] "GET /assets/SFX/10_Battle_SFX/22_Slash_04.wav HTTP/1.1" 200 -
[hub_server:http] "GET /assets/SFX/10_Battle_SFX/22_Slash_04.wav HTTP/1.1" 200 -
[ai] Venom Spider: falling back to scripted AI (Model 'llama3.1' not found on http://localhost:11434/api/chat (model 'llama3.1' not found). Run `ollama list` to see exact model names, then pass --model <name> (or `ollama pull llama3.1` if it's genuinely missing).)
[hub_server:http] "GET /assets/SFX/10_Battle_SFX/22_Slash_04.wav HTTP/1.1" 200 -
[hub_server:http] "GET /assets/SFX/10_Battle_SFX/22_Slash_04.wav HTTP/1.1" 200 -
[ai] Venom Spider: falling back to scripted AI (Model 'llama3.1' not found on http://localhost:11434/api/chat (model 'llama3.1' not found). Run `ollama list` to see exact model names, then pass --model <name> (or `ollama pull llama3.1` if it's genuinely missing).)
[hub_server:http] "GET /assets/SFX/8_Buffs_Heals_SFX/46_Poison_01.wav HTTP/1.1" 404 -
[hub_server:http] "GET /assets/SFX/10_Battle_SFX/22_Slash_04.wav HTTP/1.1" 200 -
[hub_server:http] "GET /assets/SFX/10_Battle_SFX/22_Slash_04.wav HTTP/1.1" 200 -
[ai] Venom Spider: falling back to scripted AI (Model 'llama3.1' not found on http://localhost:11434/api/chat (model 'llama3.1' not found). Run `ollama list` to see exact model names, then pass --model <name> (or `ollama pull llama3.1` if it's genuinely missing).)
[hub_server:http] "GET /assets/SFX/10_Battle_SFX/22_Slash_04.wav HTTP/1.1" 200 -
[hub_server:http] "GET /assets/SFX/10_Battle_SFX/22_Slash_04.wav HTTP/1.1" 200 -
[ai] Venom Spider: falling back to scripted AI (Model 'llama3.1' not found on http://localhost:11434/api/chat (model 'llama3.1' not found). Run `ollama list` to see exact model names, then pass --model <name> (or `ollama pull llama3.1` if it's genuinely missing).)
[hub_server:http] "GET /assets/SFX/10_Battle_SFX/22_Slash_04.wav HTTP/1.1" 200 -
[ai] Venom Spider: falling back to scripted AI (Model 'llama3.1' not found on http://localhost:11434/api/chat (model 'llama3.1' not found). Run `ollama list` to see exact model names, then pass --model <name> (or `ollama pull llama3.1` if it's genuinely missing).)
[hub_server:http] "GET /assets/SFX/10_Battle_SFX/22_Slash_04.wav HTTP/1.1" 200 -
[ai] Venom Spider: falling back to scripted AI (Model 'llama3.1' not found on http://localhost:11434/api/chat (model 'llama3.1' not found). Run `ollama list` to see exact model names, then pass --model <name> (or `ollama pull llama3.1` if it's genuinely missing).)
[hub_server:http] "GET /assets/SFX/10_Battle_SFX/22_Slash_04.wav HTTP/1.1" 200 -
[hub_server:http] "GET /assets/SFX/10_Battle_SFX/22_Slash_04.wav HTTP/1.1" 200 -
[hub_server:http] "GET /assets/SFX/10_Battle_SFX/22_Slash_04.wav HTTP/1.1" 200 -
[ai] Venom Spider: falling back to scripted AI (Model 'llama3.1' not found on http://localhost:11434/api/chat (model 'llama3.1' not found). Run `ollama list` to see exact model names, then pass --model <name> (or `ollama pull llama3.1` if it's genuinely missing).)
[hub_server:http] "GET /assets/SFX/10_Battle_SFX/22_Slash_04.wav HTTP/1.1" 200 -
[ai] Venom Spider: falling back to scripted AI (Model 'llama3.1' not found on http://localhost:11434/api/chat (model 'llama3.1' not found). Run `ollama list` to see exact model names, then pass --model <name> (or `ollama pull llama3.1` if it's genuinely missing).)
[hub_server:http] "GET /assets/SFX/10_Battle_SFX/22_Slash_04.wav HTTP/1.1" 200 -
[hub_server:ws] client disconnected
[hub_server:http] "GET /assets/SFX/10_Battle_SFX/22_Slash_04.wav HTTP/1.1" 200 -
[hub_server:http] "GET /assets/SFX/10_Battle_SFX/69_Enemy_death_01.wav HTTP/1.1" 200 -
[hub_server:http] "GET /assets/Music/Main/Main.mp3 HTTP/1.1" 200 -
[hub_server:http] "GET /?view=3d&scene=forest&cleared=sq_alpha HTTP/1.1" 200 -
[hub_server:http] "GET /battle/battlemap.js HTTP/1.1" 200 -
[hub_server:http] "GET /hub3d/jrpgmenu.js HTTP/1.1" 200 -
[hub_server:http] "GET /hub3d/hub3d.js HTTP/1.1" 200 -
[hub_server:http] "POST /api/story/slave HTTP/1.1" 200 -
[hub_server:http] "GET /hub3d/envfx.js HTTP/1.1" 200 -
[hub_server:http] "GET /assets/Artwork/Background.webp HTTP/1.1" 200 -
[hub_server:http] "GET /api/state HTTP/1.1" 200 -
[hub_server:http] "GET /hub3d/forest.json HTTP/1.1" 200 -
[hub_server:http] "GET /assets/Music/Main/Main.mp3 HTTP/1.1" 200 -
[hub_server:http] "GET /hub3d/sprites.json HTTP/1.1" 200 -
[hub_server:http] "GET /assets/Bosses/ColliseumChamp/ColliseumChamp-Portrait.webp HTTP/1.1" 200 -
[hub_server:http] "GET /assets/Portraits/Bran.webp HTTP/1.1" 200 -
[hub_server:http] "GET /assets/3D/kenney_retro-fantasy-kit/Models/GLB%20format/tree-shrub.glb HTTP/1.1" 200 -
[hub_server:http] "GET /assets/3D/Paradise/SM_forest_ground.glb HTTP/1.1" 200 -
[hub_server:http] "GET /assets/3D/Paradise/SM_rock_01.glb HTTP/1.1" 200 -
[hub_server:http] "GET /assets/3D/kenney_retro-fantasy-kit/Models/GLB%20format/tree-large.glb HTTP/1.1" 200 -
[hub_server:http] "GET /assets/3D/Paradise/SM_Plant_01.glb HTTP/1.1" 200 -
[hub_server:http] "GET /assets/3D/Paradise/SM_rock_02.glb HTTP/1.1" 200 -
[hub_server:http] "GET /assets/3D/Paradise/SM_grass_02.glb HTTP/1.1" 200 -
[hub_server:http] "GET /assets/3D/Paradise/SM_Plant_02.glb HTTP/1.1" 200 -
[hub_server:http] "GET /assets/3D/GodCity/SM_flowers_02.glb HTTP/1.1" 200 -
[hub_server:http] "GET /assets/3D/Paradise/SM_Plant_03.glb HTTP/1.1" 200 -
[hub_server:http] "GET /assets/3D/Paradise/SM_grass_01.glb HTTP/1.1" 200 -
[hub_server:http] "GET /assets/3D/GodCity/SM_flowers_01.glb HTTP/1.1" 200 -
[hub_server:http] "GET /assets/3D/kenney_retro-fantasy-kit/Models/GLB%20format/wall-pane-wood-window.glb HTTP/1.1" 200 -
[hub_server:http] "GET /assets/3D/kenney_retro-fantasy-kit/Models/GLB%20format/wall-pane-wood-door.glb HTTP/1.1" 200 -
[hub_server:http] "GET /assets/3D/kenney_retro-fantasy-kit/Models/GLB%20format/wall-pane-wood.glb HTTP/1.1" 200 -
[hub_server:http] "GET /assets/3D/kenney_retro-fantasy-kit/Models/GLB%20format/structure-poles.glb HTTP/1.1" 200 -
[hub_server:http] "GET /assets/3D/kenney_retro-fantasy-kit/Models/GLB%20format/detail-crate.glb HTTP/1.1" 200 -
[hub_server:http] "GET /assets/3D/kenney_retro-fantasy-kit/Models/GLB%20format/barrels.glb HTTP/1.1" 200 -
[hub_server:http] "GET /assets/3D/kenney_retro-fantasy-kit/Models/GLB%20format/roof-high-side-brown.glb HTTP/1.1" 200 -
[hub_server:http] "GET /assets/3D/Paradise/SM_pillar.glb HTTP/1.1" 200 -
[hub_server:http] "GET /assets/3D/Paradise/SM_waterfall.glb HTTP/1.1" 200 -
[hub_server:http] "GET /assets/3D/GodCity/SM_market_tent_01.glb HTTP/1.1" 200 -
[hub_server:http] "GET /assets/3D/GodCity/SM_brasero.glb HTTP/1.1" 200 -
[hub_server:http] "GET /assets/3D/Paradise/SM_bed.glb HTTP/1.1" 200 -
[hub_server:http] "GET /assets/3D/Paradise/SM_table_02.glb HTTP/1.1" 200 -
[hub_server:http] "GET /assets/3D/kenney_retro-fantasy-kit/Models/GLB%20format/fence.glb HTTP/1.1" 200 -
[hub_server:http] "GET /assets/3D/GodCity/SM_bush_02.glb HTTP/1.1" 200 -
[hub_server:http] "GET /assets/3D/kenney_retro-fantasy-kit/Models/GLB%20format/column.glb HTTP/1.1" 200 -
[hub_server:http] "GET /assets/3D/GodCity/SM_bush_01.glb HTTP/1.1" 200 -
[hub_server:http] "GET /assets/3D/kenney_retro-fantasy-kit/Models/GLB%20format/detail-crate-small.glb HTTP/1.1" 200 -
[hub_server:http] "GET /assets/3D/GodCity/SM_market_tent_02.glb HTTP/1.1" 200 -
[hub_server:http] "GET /assets/3D/kenney_retro-fantasy-kit/Models/GLB%20format/column-wood.glb HTTP/1.1" 200 -
[hub_server:http] "GET /assets/3D/kenney_retro-fantasy-kit/Models/GLB%20format/structure.glb HTTP/1.1" 200 -
[hub_server:http] "GET /assets/3D/GodCity/SM_circular_terrace.glb HTTP/1.1" 200 -
[hub_server:http] "GET /assets/3D/kenney_retro-fantasy-kit/Models/GLB%20format/wall-pane-paint-door.glb HTTP/1.1" 200 -
[hub_server:http] "GET /assets/3D/kenney_retro-fantasy-kit/Models/GLB%20format/floor-flat.glb HTTP/1.1" 200 -
[hub_server:http] "GET /assets/3D/kenney_retro-fantasy-kit/Models/GLB%20format/wall-pane-paint.glb HTTP/1.1" 200 -
[hub_server:http] "GET /assets/3D/kenney_retro-fantasy-kit/Models/GLB%20format/wall-pane-paint-window.glb HTTP/1.1" 200 -
[hub_server:http] "GET /assets/3D/kenney_retro-fantasy-kit/Models/GLB%20format/roof.glb HTTP/1.1" 200 -
[hub_server:http] "GET /assets/3D/kenney_retro-fantasy-kit/Models/GLB%20format/Textures/tree.png HTTP/1.1" 200 -
[hub_server:http] "GET /assets/3D/kenney_retro-fantasy-kit/Models/GLB%20format/Textures/details.png HTTP/1.1" 200 -
[hub_server:http] "GET /assets/3D/kenney_retro-fantasy-kit/Models/GLB%20format/Textures/cobblestone.png HTTP/1.1" 200 -
[hub_server:http] "GET /assets/3D/kenney_retro-fantasy-kit/Models/GLB%20format/Textures/planks.png HTTP/1.1" 200 -
[hub_server:http] "GET /assets/3D/kenney_retro-fantasy-kit/Models/GLB%20format/Textures/barrel.png HTTP/1.1" 200 -
[hub_server:http] "GET /assets/3D/kenney_retro-fantasy-kit/Models/GLB%20format/Textures/cobblestoneAlternative.png HTTP/1.1" 200 -
[hub_server:http] "GET /assets/3D/kenney_retro-fantasy-kit/Models/GLB%20format/Textures/roof-brown.png HTTP/1.1" 200 -
[hub_server:http] "GET /assets/3D/kenney_retro-fantasy-kit/Models/GLB%20format/Textures/fence.png HTTP/1.1" 200 -
[hub_server:http] "GET /assets/3D/kenney_retro-fantasy-kit/Models/GLB%20format/Textures/roof.png HTTP/1.1" 200 -
[hub_server:http] "GET /assets/3D/kenney_retro-fantasy-kit/Models/GLB%20format/Textures/cobblestonePainted.png HTTP/1.1" 200 -
[hub_server:http] "GET /hub3d/npc/Walk-North.webp HTTP/1.1" 200 -
[hub_server:http] "GET /hub3d/npc/Walk-South.webp HTTP/1.1" 200 -
[hub_server:http] "GET /hub3d/npc/Walk-East.webp HTTP/1.1" 200 -
[hub_server:http] "GET /hub3d/npc/Walk-West.webp HTTP/1.1" 200 -
[hub_server:http] "GET /hub3d/npc/Draven.webp HTTP/1.1" 200 -
[hub_server:http] "GET /hub3d/npc/Rook.webp HTTP/1.1" 200 -
[hub_server:http] "GET /hub3d/npc/Yulia.webp HTTP/1.1" 200 -
[hub_server:http] "GET /hub3d/npc/Kael.webp HTTP/1.1" 200 -
[hub_server:http] "GET /hub3d/npc/Sera.webp HTTP/1.1" 200 -
[hub_server:http] "GET /hub3d/stills.json HTTP/1.1" 200 -
[hub_server:http] "GET /assets/Battlers/Enemies/Goblin-Skirmisher.png HTTP/1.1" 200 -
[hub_server:http] "GET /assets/Battlers/Enemies/Venom-Spider.png HTTP/1.1" 200 -
[hub_server:http] "GET /assets/Bosses/Briarmaw/Briarmaw.png HTTP/1.1" 200 -
[hub_server:http] "GET /hub3d/sidequests.json HTTP/1.1" 200 -
[hub_server:http] "GET /assets/Music/mp3/07.%20Spirits%20Forest%20(intro).mp3 HTTP/1.1" 200 -
[hub_server:http] "POST /api/story/chest HTTP/1.1" 200 -
[hub_server:http] "GET /api/state HTTP/1.1" 200 -
[hub_server:http] "GET /assets/SFX/10_UI_Menu_SFX/013_Confirm_03.wav HTTP/1.1" 200 -
[hub_server:http] "GET /assets/SFX/10_UI_Menu_SFX/013_Confirm_03.wav HTTP/1.1" 200 -
[hub_server:http] "GET /assets/Portraits/Kael.webp HTTP/1.1" 200 -
[hub_server:http] "GET /hub3d/forest.json HTTP/1.1" 200 -
[hub_server:http] "GET /hub3d/sprites.json HTTP/1.1" 200 -
[hub_server:http] "GET /assets/SFX/10_UI_Menu_SFX/013_Confirm_03.wav HTTP/1.1" 200 -
[hub_server:http] "GET /hub3d/npc/Walk-South.webp HTTP/1.1" 200 -
[hub_server:http] "GET /hub3d/npc/Walk-North.webp HTTP/1.1" 200 -
[hub_server:http] "GET /hub3d/npc/Walk-East.webp HTTP/1.1" 200 -
[hub_server:http] "GET /hub3d/npc/Walk-West.webp HTTP/1.1" 200 -
[hub_server:http] "GET /hub3d/npc/Draven.webp HTTP/1.1" 200 -
[hub_server:http] "GET /hub3d/npc/Rook.webp HTTP/1.1" 200 -
[hub_server:http] "GET /hub3d/npc/Yulia.webp HTTP/1.1" 200 -
[hub_server:http] "GET /hub3d/npc/Sera.webp HTTP/1.1" 200 -
[hub_server:http] "GET /hub3d/npc/Kael.webp HTTP/1.1" 200 -
[hub_server:http] "GET /hub3d/stills.json HTTP/1.1" 200 -
[hub_server:http] "GET /assets/Battlers/Enemies/Goblin-Skirmisher.png HTTP/1.1" 200 -
[hub_server:http] "GET /assets/Battlers/Enemies/Venom-Spider.png HTTP/1.1" 200 -
[hub_server:http] "GET /assets/Bosses/Briarmaw/Briarmaw.png HTTP/1.1" 200 -
[hub_server:http] "GET /api/state HTTP/1.1" 200 -
[hub_server:http] "POST /api/story/chest HTTP/1.1" 200 -
[hub_server:http] "GET /api/state HTTP/1.1" 200 -
[hub_server:http] "GET /assets/SFX/10_UI_Menu_SFX/013_Confirm_03.wav HTTP/1.1" 200 -
[hub_server:http] "GET /hub3d/forest.json HTTP/1.1" 200 -
[hub_server:http] "GET /hub3d/sprites.json HTTP/1.1" 200 -
[hub_server:http] "GET /assets/SFX/10_UI_Menu_SFX/013_Confirm_03.wav HTTP/1.1" 200 -
[hub_server:http] "GET /hub3d/npc/Walk-South.webp HTTP/1.1" 200 -
[hub_server:http] "GET /hub3d/npc/Walk-North.webp HTTP/1.1" 200 -
[hub_server:http] "GET /hub3d/npc/Walk-East.webp HTTP/1.1" 200 -
[hub_server:http] "GET /hub3d/npc/Walk-West.webp HTTP/1.1" 200 -
[hub_server:http] "GET /hub3d/npc/Draven.webp HTTP/1.1" 200 -
[hub_server:http] "GET /hub3d/npc/Rook.webp HTTP/1.1" 200 -
[hub_server:http] "GET /hub3d/npc/Yulia.webp HTTP/1.1" 200 -
[hub_server:http] "GET /hub3d/npc/Sera.webp HTTP/1.1" 200 -
[hub_server:http] "GET /hub3d/npc/Kael.webp HTTP/1.1" 200 -
[hub_server:http] "GET /hub3d/stills.json HTTP/1.1" 200 -
[hub_server:http] "GET /assets/Battlers/Enemies/Goblin-Skirmisher.png HTTP/1.1" 200 -
[hub_server:http] "GET /assets/Battlers/Enemies/Venom-Spider.png HTTP/1.1" 200 -
[hub_server:http] "GET /assets/Bosses/Briarmaw/Briarmaw.png HTTP/1.1" 200 -
[hub_server:http] "GET /api/state HTTP/1.1" 200 -
[hub_server:http] "GET /assets/Portraits/Torn%20page.webp HTTP/1.1" 404 -
[hub_server:http] "GET /hub3d/forest.json HTTP/1.1" 200 -
[hub_server:http] "GET /hub3d/sprites.json HTTP/1.1" 200 -
[hub_server:http] "GET /assets/SFX/10_UI_Menu_SFX/013_Confirm_03.wav HTTP/1.1" 200 -
[hub_server:http] "GET /hub3d/npc/Walk-North.webp HTTP/1.1" 200 -
[hub_server:http] "GET /hub3d/npc/Walk-South.webp HTTP/1.1" 200 -
[hub_server:http] "GET /hub3d/npc/Walk-East.webp HTTP/1.1" 200 -
[hub_server:http] "GET /hub3d/npc/Rook.webp HTTP/1.1" 200 -
[hub_server:http] "GET /hub3d/npc/Walk-West.webp HTTP/1.1" 200 -
[hub_server:http] "GET /hub3d/npc/Draven.webp HTTP/1.1" 200 -
[hub_server:http] "GET /hub3d/npc/Yulia.webp HTTP/1.1" 200 -
[hub_server:http] "GET /hub3d/npc/Sera.webp HTTP/1.1" 200 -
[hub_server:http] "GET /hub3d/npc/Kael.webp HTTP/1.1" 200 -
[hub_server:http] "GET /hub3d/stills.json HTTP/1.1" 200 -
[hub_server:http] "GET /assets/Battlers/Enemies/Goblin-Skirmisher.png HTTP/1.1" 200 -
[hub_server:http] "GET /assets/Battlers/Enemies/Venom-Spider.png HTTP/1.1" 200 -
[hub_server:http] "GET /assets/Bosses/Briarmaw/Briarmaw.png HTTP/1.1" 200 -
[hub_server:http] "GET /api/state HTTP/1.1" 200 -
[hub_server:http] "POST /api/story/chest HTTP/1.1" 200 -
[hub_server:http] "GET /api/state HTTP/1.1" 200 -
[hub_server:http] "GET /assets/SFX/10_UI_Menu_SFX/013_Confirm_03.wav HTTP/1.1" 200 -
[hub_server:http] "GET /hub3d/forest.json HTTP/1.1" 200 -
[hub_server:http] "GET /hub3d/sprites.json HTTP/1.1" 200 -
[hub_server:http] "GET /assets/SFX/10_UI_Menu_SFX/013_Confirm_03.wav HTTP/1.1" 200 -
[hub_server:http] "GET /hub3d/npc/Walk-South.webp HTTP/1.1" 200 -
[hub_server:http] "GET /hub3d/npc/Walk-North.webp HTTP/1.1" 200 -
[hub_server:http] "GET /hub3d/npc/Walk-West.webp HTTP/1.1" 200 -
[hub_server:http] "GET /hub3d/npc/Walk-East.webp HTTP/1.1" 200 -
[hub_server:http] "GET /hub3d/npc/Draven.webp HTTP/1.1" 200 -
[hub_server:http] "GET /hub3d/npc/Rook.webp HTTP/1.1" 200 -
[hub_server:http] "GET /hub3d/npc/Yulia.webp HTTP/1.1" 200 -
[hub_server:http] "GET /hub3d/npc/Sera.webp HTTP/1.1" 200 -
[hub_server:http] "GET /hub3d/npc/Kael.webp HTTP/1.1" 200 -
[hub_server:http] "GET /hub3d/stills.json HTTP/1.1" 200 -
[hub_server:http] "GET /assets/Battlers/Enemies/Goblin-Skirmisher.png HTTP/1.1" 200 -
[hub_server:http] "GET /assets/Battlers/Enemies/Venom-Spider.png HTTP/1.1" 200 -
[hub_server:http] "GET /assets/Bosses/Briarmaw/Briarmaw.png HTTP/1.1" 200 -
[hub_server:http] "GET /api/state HTTP/1.1" 200 -
[hub_server:http] "GET /assets/Music/mp3/07.%20Spirits%20Forest%20(loop).mp3 HTTP/1.1" 200 -
[hub_server:http] "POST /api/story/chest HTTP/1.1" 200 -
[hub_server:http] "GET /api/state HTTP/1.1" 200 -
[hub_server:http] "GET /assets/SFX/10_UI_Menu_SFX/013_Confirm_03.wav HTTP/1.1" 200 -
[hub_server:http] "GET /hub3d/forest.json HTTP/1.1" 200 -
[hub_server:http] "GET /hub3d/sprites.json HTTP/1.1" 200 -
[hub_server:http] "GET /assets/SFX/10_UI_Menu_SFX/013_Confirm_03.wav HTTP/1.1" 200 -
[hub_server:http] "GET /hub3d/npc/Walk-South.webp HTTP/1.1" 200 -
[hub_server:http] "GET /hub3d/npc/Walk-North.webp HTTP/1.1" 200 -
[hub_server:http] "GET /hub3d/npc/Draven.webp HTTP/1.1" 200 -
[hub_server:http] "GET /hub3d/npc/Walk-East.webp HTTP/1.1" 200 -
[hub_server:http] "GET /hub3d/npc/Walk-West.webp HTTP/1.1" 200 -
[hub_server:http] "GET /hub3d/npc/Rook.webp HTTP/1.1" 200 -
[hub_server:http] "GET /hub3d/npc/Yulia.webp HTTP/1.1" 200 -
[hub_server:http] "GET /hub3d/npc/Sera.webp HTTP/1.1" 200 -
[hub_server:http] "GET /hub3d/npc/Kael.webp HTTP/1.1" 200 -
[hub_server:http] "GET /hub3d/stills.json HTTP/1.1" 200 -
[hub_server:http] "GET /assets/Battlers/Enemies/Goblin-Skirmisher.png HTTP/1.1" 200 -
[hub_server:http] "GET /assets/Battlers/Enemies/Venom-Spider.png HTTP/1.1" 200 -
[hub_server:http] "GET /assets/Bosses/Briarmaw/Briarmaw.png HTTP/1.1" 200 -
[hub_server:http] "GET /api/state HTTP/1.1" 200 -
[hub_server:http] "GET /assets/Portraits/Ranger's%20campfire.webp HTTP/1.1" 404 -
[hub_server:http] "POST /api/menu/rest HTTP/1.1" 200 -
[hub_server:http] "GET /api/state HTTP/1.1" 200 -
[hub_server:http] "GET /assets/SFX/10_UI_Menu_SFX/013_Confirm_03.wav HTTP/1.1" 200 -
[hub_server:http] "GET /assets/SFX/10_UI_Menu_SFX/013_Confirm_03.wav HTTP/1.1" 200 -
[hub_server:http] "GET /assets/SFX/10_UI_Menu_SFX/013_Confirm_03.wav HTTP/1.1" 200 -
[hub_server:http] "POST /api/world/hub_battle HTTP/1.1" 200 -
[hub_server:http] "GET /assets/SFX/10_UI_Menu_SFX/013_Confirm_03.wav HTTP/1.1" 200 -
[hub_server:http] "GET /battle?return=hub3d&scene=forest HTTP/1.1" 200 -
[hub_server:http] "GET /hub3d/appmode.js HTTP/1.1" 200 -
[hub_server:http] "GET /battle/battlemap.js HTTP/1.1" 200 -
[hub_server:http] "GET /battle/battle3d.js HTTP/1.1" 200 -
[hub_server:http] "GET /hub3d/envfx.js HTTP/1.1" 200 -
[hub_server:ws] client connected -- starting a new battle
[hub_server:http] "GET /battle/maps/index.json HTTP/1.1" 200 -
[hub_server:http] "GET /assets/Artwork/Background.webp HTTP/1.1" 200 -
[hub_server:http] "GET /assets/Artwork/Icons.png HTTP/1.1" 200 -
[hub_server:http] "GET /assets/Battlers/Enemies/Venom-Spider.png HTTP/1.1" 200 -
[hub_server:http] "GET /assets/Battlers/Enemies/Goblin-Skirmisher.png HTTP/1.1" 200 -
[hub_server:http] "GET /assets/Battlers/Kael/Kael-Idle.png HTTP/1.1" 200 -
[hub_server:http] "GET /assets/Music/Battle/Battle1.mp3 HTTP/1.1" 200 -
[hub_server:http] "GET /assets/SFX/10_Battle_SFX/55_Encounter_02.wav HTTP/1.1" 200 -
[ai] Goblin Skirmisher: falling back to scripted AI (Model 'llama3.1' not found on http://localhost:11434/api/chat (model 'llama3.1' not found). Run `ollama list` to see exact model names, then pass --model <name> (or `ollama pull llama3.1` if it's genuinely missing).)
[hub_server:http] "GET /assets/Artwork/Effect_Constellation/30fps/Spritesheets/Effect_Constellation_1_299x313.png HTTP/1.1" 200 -
[hub_server:http] "GET /assets/SFX/8_Buffs_Heals_SFX/21_Debuff_01.wav HTTP/1.1" 200 -
[hub_server:http] "GET /assets/Battlers/Kael/Kael-Run.png HTTP/1.1" 200 -
[hub_server:http] "GET /assets/Battlers/Kael/Kael-Attack.png HTTP/1.1" 200 -
[hub_server:http] "GET /assets/Artwork/Effect_BigHit/30fps/Spritesheets/Effect_BigHit_1_557x553.png HTTP/1.1" 200 -
[hub_server:http] "GET /assets/SFX/10_Battle_SFX/22_Slash_04.wav HTTP/1.1" 200 -
[hub_server:http] "GET /assets/SFX/10_Battle_SFX/69_Enemy_death_01.wav HTTP/1.1" 200 -
[ai] Venom Spider: falling back to scripted AI (Model 'llama3.1' not found on http://localhost:11434/api/chat (model 'llama3.1' not found). Run `ollama list` to see exact model names, then pass --model <name> (or `ollama pull llama3.1` if it's genuinely missing).)
[hub_server:http] "GET /assets/SFX/10_Battle_SFX/22_Slash_04.wav HTTP/1.1" 200 -
[ai] Venom Spider: falling back to scripted AI (Model 'llama3.1' not found on http://localhost:11434/api/chat (model 'llama3.1' not found). Run `ollama list` to see exact model names, then pass --model <name> (or `ollama pull llama3.1` if it's genuinely missing).)
[hub_server:http] "GET /assets/SFX/8_Buffs_Heals_SFX/46_Poison_01.wav HTTP/1.1" 404 -
[hub_server:http] "GET /assets/SFX/10_Battle_SFX/22_Slash_04.wav HTTP/1.1" 200 -
[hub_server:ws] client disconnected
[hub_server:http] "GET /assets/SFX/10_Battle_SFX/22_Slash_04.wav HTTP/1.1" 200 -
[hub_server:http] "GET /assets/SFX/10_Battle_SFX/69_Enemy_death_01.wav HTTP/1.1" 200 -
[hub_server:http] "GET /assets/Portraits/Kael.webp HTTP/1.1" 200 -
[hub_server:http] "GET /assets/Music/Main/Main.mp3 HTTP/1.1" 200 -
[hub_server:http] "GET /?view=3d&scene=forest HTTP/1.1" 200 -
[hub_server:http] "GET /battle/battlemap.js HTTP/1.1" 200 -
[hub_server:http] "GET /hub3d/hub3d.js HTTP/1.1" 200 -
[hub_server:http] "GET /hub3d/jrpgmenu.js HTTP/1.1" 200 -
[hub_server:http] "POST /api/story/slave HTTP/1.1" 200 -
[hub_server:http] "GET /hub3d/envfx.js HTTP/1.1" 200 -
[hub_server:http] "GET /assets/Artwork/Background.webp HTTP/1.1" 200 -
[hub_server:http] "GET /api/state HTTP/1.1" 200 -
[hub_server:http] "GET /hub3d/forest.json HTTP/1.1" 200 -
[hub_server:http] "GET /assets/Music/Main/Main.mp3 HTTP/1.1" 200 -
[hub_server:http] "GET /hub3d/sprites.json HTTP/1.1" 200 -
[hub_server:http] "GET /assets/Portraits/Bran.webp HTTP/1.1" 200 -
[hub_server:http] "GET /assets/Bosses/ColliseumChamp/ColliseumChamp-Portrait.webp HTTP/1.1" 200 -
[hub_server:http] "GET /assets/3D/Paradise/SM_forest_ground.glb HTTP/1.1" 200 -
[hub_server:http] "GET /assets/3D/kenney_retro-fantasy-kit/Models/GLB%20format/tree-large.glb HTTP/1.1" 200 -
[hub_server:http] "GET /assets/3D/Paradise/SM_rock_01.glb HTTP/1.1" 200 -
[hub_server:http] "GET /assets/3D/kenney_retro-fantasy-kit/Models/GLB%20format/tree-shrub.glb HTTP/1.1" 200 -
[hub_server:http] "GET /assets/3D/Paradise/SM_rock_02.glb HTTP/1.1" 200 -
[hub_server:http] "GET /assets/3D/Paradise/SM_Plant_01.glb HTTP/1.1" 200 -
[hub_server:http] "GET /assets/3D/Paradise/SM_grass_02.glb HTTP/1.1" 200 -
[hub_server:http] "GET /assets/3D/Paradise/SM_Plant_02.glb HTTP/1.1" 200 -
[hub_server:http] "GET /assets/3D/GodCity/SM_flowers_02.glb HTTP/1.1" 200 -
[hub_server:http] "GET /assets/3D/Paradise/SM_Plant_03.glb HTTP/1.1" 200 -
[hub_server:http] "GET /assets/3D/Paradise/SM_grass_01.glb HTTP/1.1" 200 -
[hub_server:http] "GET /assets/3D/GodCity/SM_flowers_01.glb HTTP/1.1" 200 -
[hub_server:http] "GET /assets/3D/kenney_retro-fantasy-kit/Models/GLB%20format/wall-pane-wood-window.glb HTTP/1.1" 200 -
[hub_server:http] "GET /assets/3D/kenney_retro-fantasy-kit/Models/GLB%20format/wall-pane-wood-door.glb HTTP/1.1" 200 -
[hub_server:http] "GET /assets/3D/kenney_retro-fantasy-kit/Models/GLB%20format/barrels.glb HTTP/1.1" 200 -
[hub_server:http] "GET /assets/3D/kenney_retro-fantasy-kit/Models/GLB%20format/roof-high-side-brown.glb HTTP/1.1" 200 -
[hub_server:http] "GET /assets/3D/kenney_retro-fantasy-kit/Models/GLB%20format/wall-pane-wood.glb HTTP/1.1" 200 -
[hub_server:http] "GET /assets/3D/kenney_retro-fantasy-kit/Models/GLB%20format/structure-poles.glb HTTP/1.1" 200 -
[hub_server:http] "GET /assets/3D/kenney_retro-fantasy-kit/Models/GLB%20format/detail-crate.glb HTTP/1.1" 200 -
[hub_server:http] "GET /assets/3D/Paradise/SM_pillar.glb HTTP/1.1" 200 -
[hub_server:http] "GET /assets/3D/Paradise/SM_waterfall.glb HTTP/1.1" 200 -
[hub_server:http] "GET /assets/3D/GodCity/SM_market_tent_01.glb HTTP/1.1" 200 -
[hub_server:http] "GET /assets/3D/GodCity/SM_brasero.glb HTTP/1.1" 200 -
[hub_server:http] "GET /assets/3D/Paradise/SM_table_02.glb HTTP/1.1" 200 -
[hub_server:http] "GET /assets/3D/Paradise/SM_bed.glb HTTP/1.1" 200 -
[hub_server:http] "GET /assets/3D/kenney_retro-fantasy-kit/Models/GLB%20format/fence.glb HTTP/1.1" 200 -
[hub_server:http] "GET /assets/3D/GodCity/SM_bush_02.glb HTTP/1.1" 200 -
[hub_server:http] "GET /assets/3D/kenney_retro-fantasy-kit/Models/GLB%20format/column.glb HTTP/1.1" 200 -
[hub_server:http] "GET /assets/3D/GodCity/SM_bush_01.glb HTTP/1.1" 200 -
[hub_server:http] "GET /assets/3D/kenney_retro-fantasy-kit/Models/GLB%20format/detail-crate-small.glb HTTP/1.1" 200 -
[hub_server:http] "GET /assets/3D/kenney_retro-fantasy-kit/Models/GLB%20format/column-wood.glb HTTP/1.1" 200 -
[hub_server:http] "GET /assets/3D/GodCity/SM_market_tent_02.glb HTTP/1.1" 200 -
[hub_server:http] "GET /assets/3D/kenney_retro-fantasy-kit/Models/GLB%20format/structure.glb HTTP/1.1" 200 -
[hub_server:http] "GET /assets/3D/GodCity/SM_circular_terrace.glb HTTP/1.1" 200 -
[hub_server:http] "GET /assets/3D/kenney_retro-fantasy-kit/Models/GLB%20format/wall-pane-paint-door.glb HTTP/1.1" 200 -
[hub_server:http] "GET /assets/3D/kenney_retro-fantasy-kit/Models/GLB%20format/floor-flat.glb HTTP/1.1" 200 -
[hub_server:http] "GET /assets/3D/kenney_retro-fantasy-kit/Models/GLB%20format/wall-pane-paint-window.glb HTTP/1.1" 200 -
[hub_server:http] "GET /assets/3D/kenney_retro-fantasy-kit/Models/GLB%20format/wall-pane-paint.glb HTTP/1.1" 200 -
[hub_server:http] "GET /assets/3D/kenney_retro-fantasy-kit/Models/GLB%20format/Textures/tree.png HTTP/1.1" 200 -
[hub_server:http] "GET /assets/3D/kenney_retro-fantasy-kit/Models/GLB%20format/roof.glb HTTP/1.1" 200 -
[hub_server:http] "GET /assets/3D/kenney_retro-fantasy-kit/Models/GLB%20format/Textures/cobblestone.png HTTP/1.1" 200 -
[hub_server:http] "GET /assets/3D/kenney_retro-fantasy-kit/Models/GLB%20format/Textures/planks.png HTTP/1.1" 200 -
[hub_server:http] "GET /assets/3D/kenney_retro-fantasy-kit/Models/GLB%20format/Textures/details.png HTTP/1.1" 200 -
[hub_server:http] "GET /assets/3D/kenney_retro-fantasy-kit/Models/GLB%20format/Textures/barrel.png HTTP/1.1" 200 -
[hub_server:http] "GET /assets/3D/kenney_retro-fantasy-kit/Models/GLB%20format/Textures/cobblestoneAlternative.png HTTP/1.1" 200 -
[hub_server:http] "GET /assets/3D/kenney_retro-fantasy-kit/Models/GLB%20format/Textures/roof-brown.png HTTP/1.1" 200 -
[hub_server:http] "GET /assets/3D/kenney_retro-fantasy-kit/Models/GLB%20format/Textures/fence.png HTTP/1.1" 200 -
[hub_server:http] "GET /assets/3D/kenney_retro-fantasy-kit/Models/GLB%20format/Textures/cobblestonePainted.png HTTP/1.1" 200 -
[hub_server:http] "GET /assets/3D/kenney_retro-fantasy-kit/Models/GLB%20format/Textures/roof.png HTTP/1.1" 200 -
[hub_server:http] "GET /hub3d/npc/Walk-South.webp HTTP/1.1" 200 -
[hub_server:http] "GET /hub3d/npc/Walk-North.webp HTTP/1.1" 200 -
[hub_server:http] "GET /hub3d/npc/Walk-East.webp HTTP/1.1" 200 -
[hub_server:http] "GET /hub3d/npc/Walk-West.webp HTTP/1.1" 200 -
[hub_server:http] "GET /hub3d/npc/Draven.webp HTTP/1.1" 200 -
[hub_server:http] "GET /hub3d/npc/Rook.webp HTTP/1.1" 200 -
[hub_server:http] "GET /hub3d/npc/Yulia.webp HTTP/1.1" 200 -
[hub_server:http] "GET /hub3d/npc/Sera.webp HTTP/1.1" 200 -
[hub_server:http] "GET /hub3d/npc/Kael.webp HTTP/1.1" 200 -
[hub_server:http] "GET /hub3d/stills.json HTTP/1.1" 200 -
[hub_server:http] "GET /assets/Battlers/Enemies/Venom-Spider.png HTTP/1.1" 200 -
[hub_server:http] "GET /assets/Battlers/Enemies/Goblin-Skirmisher.png HTTP/1.1" 200 -
[hub_server:http] "GET /assets/Bosses/Briarmaw/Briarmaw.png HTTP/1.1" 200 -
[hub_server:http] "GET /hub3d/sidequests.json HTTP/1.1" 200 -
[hub_server:http] "GET /assets/Music/mp3/07.%20Spirits%20Forest%20(intro).mp3 HTTP/1.1" 200 -
[hub_server:http] "GET /assets/Portraits/Giant%20Spider.webp HTTP/1.1" 404 -
[hub_server:http] "GET /assets/SFX/10_UI_Menu_SFX/013_Confirm_03.wav HTTP/1.1" 200 -
[hub_server:http] "POST /api/world/hub_battle HTTP/1.1" 200 -
[hub_server:http] "GET /assets/SFX/10_UI_Menu_SFX/013_Confirm_03.wav HTTP/1.1" 200 -
[hub_server:http] "GET /battle?return=hub3d&scene=forest&key=fq_spider HTTP/1.1" 200 -
[hub_server:http] "GET /hub3d/appmode.js HTTP/1.1" 200 -
[hub_server:http] "GET /battle/battlemap.js HTTP/1.1" 200 -
[hub_server:http] "GET /battle/battle3d.js HTTP/1.1" 200 -
[hub_server:http] "GET /hub3d/envfx.js HTTP/1.1" 200 -
[hub_server:ws] client connected -- starting a new battle
[hub_server:http] "GET /battle/maps/index.json HTTP/1.1" 200 -
[hub_server:http] "GET /assets/Artwork/Background.webp HTTP/1.1" 200 -
[hub_server:http] "GET /assets/Artwork/Icons.png HTTP/1.1" 200 -
[hub_server:http] "GET /assets/Battlers/Enemies/Venom-Spider.png HTTP/1.1" 200 -
[hub_server:http] "GET /assets/Battlers/Kael/Kael-Idle.png HTTP/1.1" 200 -
[hub_server:http] "GET /assets/Music/Battle/Battle1.mp3 HTTP/1.1" 200 -
[hub_server:http] "GET /assets/SFX/10_Battle_SFX/55_Encounter_02.wav HTTP/1.1" 200 -
[hub_server:http] "GET /assets/Battlers/Kael/Kael-Run.png HTTP/1.1" 200 -
[hub_server:http] "GET /assets/Battlers/Kael/Kael-Attack.png HTTP/1.1" 200 -
[hub_server:http] "GET /assets/Artwork/Effect_BigHit/30fps/Spritesheets/Effect_BigHit_1_557x553.png HTTP/1.1" 200 -
[hub_server:http] "GET /assets/SFX/10_Battle_SFX/22_Slash_04.wav HTTP/1.1" 200 -
[ai] Venom Spider: falling back to scripted AI (Model 'llama3.1' not found on http://localhost:11434/api/chat (model 'llama3.1' not found). Run `ollama list` to see exact model names, then pass --model <name> (or `ollama pull llama3.1` if it's genuinely missing).)
[hub_server:http] "GET /assets/SFX/10_Battle_SFX/22_Slash_04.wav HTTP/1.1" 200 -
[hub_server:http] "GET /assets/SFX/10_Battle_SFX/22_Slash_04.wav HTTP/1.1" 200 -
[ai] Venom Spider: falling back to scripted AI (Model 'llama3.1' not found on http://localhost:11434/api/chat (model 'llama3.1' not found). Run `ollama list` to see exact model names, then pass --model <name> (or `ollama pull llama3.1` if it's genuinely missing).)
[hub_server:http] "GET /assets/SFX/10_Battle_SFX/22_Slash_04.wav HTTP/1.1" 200 -
[hub_server:ws] client disconnected
[hub_server:http] "GET /assets/SFX/10_Battle_SFX/22_Slash_04.wav HTTP/1.1" 200 -
[hub_server:http] "GET /assets/SFX/10_Battle_SFX/69_Enemy_death_01.wav HTTP/1.1" 200 -
[hub_server:http] "GET /assets/Music/Main/Main.mp3 HTTP/1.1" 200 -
[hub_server:http] "GET /?view=3d&scene=forest&cleared=fq_spider HTTP/1.1" 200 -
[hub_server:http] "GET /battle/battlemap.js HTTP/1.1" 200 -
[hub_server:http] "GET /hub3d/hub3d.js HTTP/1.1" 200 -
[hub_server:http] "GET /hub3d/jrpgmenu.js HTTP/1.1" 200 -
[hub_server:http] "POST /api/story/slave HTTP/1.1" 200 -
[hub_server:http] "GET /hub3d/envfx.js HTTP/1.1" 200 -
[hub_server:http] "GET /assets/Artwork/Background.webp HTTP/1.1" 200 -
[hub_server:http] "GET /api/state HTTP/1.1" 200 -
[hub_server:http] "GET /hub3d/forest.json HTTP/1.1" 200 -
[hub_server:http] "GET /assets/Music/Main/Main.mp3 HTTP/1.1" 200 -
[hub_server:http] "GET /assets/Bosses/ColliseumChamp/ColliseumChamp-Portrait.webp HTTP/1.1" 200 -
[hub_server:http] "GET /assets/Portraits/Bran.webp HTTP/1.1" 200 -
[hub_server:http] "GET /hub3d/sprites.json HTTP/1.1" 200 -
[hub_server:http] "GET /assets/3D/Paradise/SM_forest_ground.glb HTTP/1.1" 200 -
[hub_server:http] "GET /assets/3D/kenney_retro-fantasy-kit/Models/GLB%20format/tree-large.glb HTTP/1.1" 200 -
[hub_server:http] "GET /assets/3D/kenney_retro-fantasy-kit/Models/GLB%20format/tree-shrub.glb HTTP/1.1" 200 -
[hub_server:http] "GET /assets/3D/Paradise/SM_rock_01.glb HTTP/1.1" 200 -
[hub_server:http] "GET /assets/3D/Paradise/SM_rock_02.glb HTTP/1.1" 200 -
[hub_server:http] "GET /assets/3D/Paradise/SM_Plant_01.glb HTTP/1.1" 200 -
[hub_server:http] "GET /assets/3D/Paradise/SM_grass_02.glb HTTP/1.1" 200 -
[hub_server:http] "GET /assets/3D/Paradise/SM_Plant_02.glb HTTP/1.1" 200 -
[hub_server:http] "GET /assets/3D/GodCity/SM_flowers_02.glb HTTP/1.1" 200 -
[hub_server:http] "GET /assets/3D/GodCity/SM_flowers_01.glb HTTP/1.1" 200 -
[hub_server:http] "GET /assets/3D/Paradise/SM_grass_01.glb HTTP/1.1" 200 -
[hub_server:http] "GET /assets/3D/Paradise/SM_Plant_03.glb HTTP/1.1" 200 -
[hub_server:http] "GET /assets/3D/kenney_retro-fantasy-kit/Models/GLB%20format/wall-pane-wood-window.glb HTTP/1.1" 200 -
[hub_server:http] "GET /assets/3D/kenney_retro-fantasy-kit/Models/GLB%20format/wall-pane-wood-door.glb HTTP/1.1" 200 -
[hub_server:http] "GET /assets/3D/kenney_retro-fantasy-kit/Models/GLB%20format/wall-pane-wood.glb HTTP/1.1" 200 -
[hub_server:http] "GET /assets/3D/kenney_retro-fantasy-kit/Models/GLB%20format/barrels.glb HTTP/1.1" 200 -
[hub_server:http] "GET /assets/3D/kenney_retro-fantasy-kit/Models/GLB%20format/roof-high-side-brown.glb HTTP/1.1" 200 -
[hub_server:http] "GET /assets/3D/kenney_retro-fantasy-kit/Models/GLB%20format/detail-crate.glb HTTP/1.1" 200 -
[hub_server:http] "GET /assets/3D/kenney_retro-fantasy-kit/Models/GLB%20format/structure-poles.glb HTTP/1.1" 200 -
[hub_server:http] "GET /assets/3D/Paradise/SM_pillar.glb HTTP/1.1" 200 -
[hub_server:http] "GET /assets/3D/Paradise/SM_waterfall.glb HTTP/1.1" 200 -
[hub_server:http] "GET /assets/3D/GodCity/SM_market_tent_01.glb HTTP/1.1" 200 -
[hub_server:http] "GET /assets/3D/Paradise/SM_bed.glb HTTP/1.1" 200 -
[hub_server:http] "GET /assets/3D/Paradise/SM_table_02.glb HTTP/1.1" 200 -
[hub_server:http] "GET /assets/3D/kenney_retro-fantasy-kit/Models/GLB%20format/fence.glb HTTP/1.1" 200 -
[hub_server:http] "GET /assets/3D/GodCity/SM_brasero.glb HTTP/1.1" 200 -
[hub_server:http] "GET /assets/3D/GodCity/SM_bush_02.glb HTTP/1.1" 200 -
[hub_server:http] "GET /assets/3D/kenney_retro-fantasy-kit/Models/GLB%20format/column.glb HTTP/1.1" 200 -
[hub_server:http] "GET /assets/3D/GodCity/SM_bush_01.glb HTTP/1.1" 200 -
[hub_server:http] "GET /assets/3D/kenney_retro-fantasy-kit/Models/GLB%20format/detail-crate-small.glb HTTP/1.1" 200 -
[hub_server:http] "GET /assets/3D/GodCity/SM_market_tent_02.glb HTTP/1.1" 200 -
[hub_server:http] "GET /assets/3D/kenney_retro-fantasy-kit/Models/GLB%20format/column-wood.glb HTTP/1.1" 200 -
[hub_server:http] "GET /assets/3D/kenney_retro-fantasy-kit/Models/GLB%20format/structure.glb HTTP/1.1" 200 -
[hub_server:http] "GET /assets/3D/GodCity/SM_circular_terrace.glb HTTP/1.1" 200 -
[hub_server:http] "GET /assets/3D/kenney_retro-fantasy-kit/Models/GLB%20format/floor-flat.glb HTTP/1.1" 200 -
[hub_server:http] "GET /assets/3D/kenney_retro-fantasy-kit/Models/GLB%20format/wall-pane-paint.glb HTTP/1.1" 200 -
[hub_server:http] "GET /assets/3D/kenney_retro-fantasy-kit/Models/GLB%20format/roof.glb HTTP/1.1" 200 -
[hub_server:http] "GET /assets/3D/kenney_retro-fantasy-kit/Models/GLB%20format/wall-pane-paint-door.glb HTTP/1.1" 200 -
[hub_server:http] "GET /assets/3D/kenney_retro-fantasy-kit/Models/GLB%20format/wall-pane-paint-window.glb HTTP/1.1" 200 -
[hub_server:http] "GET /assets/3D/kenney_retro-fantasy-kit/Models/GLB%20format/Textures/tree.png HTTP/1.1" 200 -
[hub_server:http] "GET /assets/3D/kenney_retro-fantasy-kit/Models/GLB%20format/Textures/cobblestone.png HTTP/1.1" 200 -
[hub_server:http] "GET /assets/3D/kenney_retro-fantasy-kit/Models/GLB%20format/Textures/planks.png HTTP/1.1" 200 -
[hub_server:http] "GET /assets/3D/kenney_retro-fantasy-kit/Models/GLB%20format/Textures/details.png HTTP/1.1" 200 -
[hub_server:http] "GET /assets/3D/kenney_retro-fantasy-kit/Models/GLB%20format/Textures/cobblestoneAlternative.png HTTP/1.1" 200 -
[hub_server:http] "GET /assets/3D/kenney_retro-fantasy-kit/Models/GLB%20format/Textures/barrel.png HTTP/1.1" 200 -
[hub_server:http] "GET /assets/3D/kenney_retro-fantasy-kit/Models/GLB%20format/Textures/roof-brown.png HTTP/1.1" 200 -
[hub_server:http] "GET /assets/3D/kenney_retro-fantasy-kit/Models/GLB%20format/Textures/fence.png HTTP/1.1" 200 -
[hub_server:http] "GET /assets/3D/kenney_retro-fantasy-kit/Models/GLB%20format/Textures/cobblestonePainted.png HTTP/1.1" 200 -
[hub_server:http] "GET /assets/3D/kenney_retro-fantasy-kit/Models/GLB%20format/Textures/roof.png HTTP/1.1" 200 -
[hub_server:http] "GET /hub3d/npc/Walk-North.webp HTTP/1.1" 200 -
[hub_server:http] "GET /hub3d/npc/Walk-South.webp HTTP/1.1" 200 -
[hub_server:http] "GET /hub3d/npc/Walk-East.webp HTTP/1.1" 200 -
[hub_server:http] "GET /hub3d/npc/Walk-West.webp HTTP/1.1" 200 -
[hub_server:http] "GET /hub3d/npc/Draven.webp HTTP/1.1" 200 -
[hub_server:http] "GET /hub3d/npc/Rook.webp HTTP/1.1" 200 -
[hub_server:http] "GET /hub3d/npc/Yulia.webp HTTP/1.1" 200 -
[hub_server:http] "GET /hub3d/npc/Sera.webp HTTP/1.1" 200 -
[hub_server:http] "GET /hub3d/npc/Kael.webp HTTP/1.1" 200 -
[hub_server:http] "GET /hub3d/stills.json HTTP/1.1" 200 -
[hub_server:http] "GET /assets/Battlers/Enemies/Goblin-Skirmisher.png HTTP/1.1" 200 -
[hub_server:http] "GET /assets/Bosses/Briarmaw/Briarmaw.png HTTP/1.1" 200 -
[hub_server:http] "GET /hub3d/sidequests.json HTTP/1.1" 200 -
[hub_server:http] "GET /assets/Music/mp3/07.%20Spirits%20Forest%20(intro).mp3 HTTP/1.1" 200 -
[hub_server:http] "POST /api/story/chest HTTP/1.1" 200 -
[hub_server:http] "GET /api/state HTTP/1.1" 200 -
[hub_server:http] "GET /assets/SFX/10_UI_Menu_SFX/013_Confirm_03.wav HTTP/1.1" 200 -
[hub_server:http] "GET /assets/Portraits/Kael.webp HTTP/1.1" 200 -
[hub_server:http] "GET /hub3d/forest.json HTTP/1.1" 200 -
[hub_server:http] "GET /hub3d/sprites.json HTTP/1.1" 200 -
[hub_server:http] "GET /assets/SFX/10_UI_Menu_SFX/013_Confirm_03.wav HTTP/1.1" 200 -
[hub_server:http] "GET /hub3d/npc/Walk-South.webp HTTP/1.1" 200 -
[hub_server:http] "GET /hub3d/npc/Walk-East.webp HTTP/1.1" 200 -
[hub_server:http] "GET /hub3d/npc/Walk-North.webp HTTP/1.1" 200 -
[hub_server:http] "GET /hub3d/npc/Draven.webp HTTP/1.1" 200 -
[hub_server:http] "GET /hub3d/npc/Walk-West.webp HTTP/1.1" 200 -
[hub_server:http] "GET /hub3d/npc/Rook.webp HTTP/1.1" 200 -
[hub_server:http] "GET /hub3d/npc/Yulia.webp HTTP/1.1" 200 -
[hub_server:http] "GET /hub3d/npc/Sera.webp HTTP/1.1" 200 -
[hub_server:http] "GET /hub3d/npc/Kael.webp HTTP/1.1" 200 -
[hub_server:http] "GET /hub3d/stills.json HTTP/1.1" 200 -
[hub_server:http] "GET /assets/Battlers/Enemies/Goblin-Skirmisher.png HTTP/1.1" 200 -
[hub_server:http] "GET /assets/Bosses/Briarmaw/Briarmaw.png HTTP/1.1" 200 -
[hub_server:http] "GET /api/state HTTP/1.1" 200 -
[hub_server:http] "GET /assets/Portraits/Mossbeard.webp HTTP/1.1" 404 -
[hub_server:http] "GET /assets/SFX/10_UI_Menu_SFX/013_Confirm_03.wav HTTP/1.1" 200 -
[hub_server:http] "GET /assets/SFX/10_UI_Menu_SFX/013_Confirm_03.wav HTTP/1.1" 200 -
[hub_server:http] "GET /hub3d/forest.json HTTP/1.1" 200 -
[hub_server:http] "GET /assets/SFX/10_UI_Menu_SFX/013_Confirm_03.wav HTTP/1.1" 200 -
[hub_server:http] "GET /hub3d/sprites.json HTTP/1.1" 200 -
[hub_server:http] "GET /hub3d/npc/Walk-South.webp HTTP/1.1" 200 -
[hub_server:http] "GET /hub3d/npc/Walk-North.webp HTTP/1.1" 200 -
[hub_server:http] "GET /hub3d/npc/Walk-East.webp HTTP/1.1" 200 -
[hub_server:http] "GET /hub3d/npc/Draven.webp HTTP/1.1" 200 -
[hub_server:http] "GET /hub3d/npc/Walk-West.webp HTTP/1.1" 200 -
[hub_server:http] "GET /hub3d/npc/Rook.webp HTTP/1.1" 200 -
[hub_server:http] "GET /hub3d/npc/Yulia.webp HTTP/1.1" 200 -
[hub_server:http] "GET /hub3d/npc/Sera.webp HTTP/1.1" 200 -
[hub_server:http] "GET /hub3d/npc/Kael.webp HTTP/1.1" 200 -
[hub_server:http] "GET /hub3d/stills.json HTTP/1.1" 200 -
[hub_server:http] "GET /assets/Battlers/Enemies/Goblin-Skirmisher.png HTTP/1.1" 200 -
[hub_server:http] "GET /assets/Bosses/Briarmaw/Briarmaw.png HTTP/1.1" 200 -
[hub_server:http] "GET /api/state HTTP/1.1" 200 -
[hub_server:http] "GET /assets/Portraits/Spirit%20spring.webp HTTP/1.1" 404 -
[hub_server:http] "POST /api/menu/rest HTTP/1.1" 200 -
[hub_server:http] "GET /api/state HTTP/1.1" 200 -
[hub_server:http] "GET /assets/SFX/10_UI_Menu_SFX/013_Confirm_03.wav HTTP/1.1" 200 -
[hub_server:http] "GET /assets/SFX/10_UI_Menu_SFX/013_Confirm_03.wav HTTP/1.1" 200 -
[hub_server:http] "GET /hub3d/forest.json HTTP/1.1" 200 -
[hub_server:http] "GET /assets/SFX/10_UI_Menu_SFX/013_Confirm_03.wav HTTP/1.1" 200 -
[hub_server:http] "GET /hub3d/sprites.json HTTP/1.1" 200 -
[hub_server:http] "GET /hub3d/npc/Walk-South.webp HTTP/1.1" 200 -
[hub_server:http] "GET /hub3d/npc/Walk-East.webp HTTP/1.1" 200 -
[hub_server:http] "GET /hub3d/npc/Walk-West.webp HTTP/1.1" 200 -
[hub_server:http] "GET /hub3d/npc/Walk-North.webp HTTP/1.1" 200 -
[hub_server:http] "GET /hub3d/npc/Draven.webp HTTP/1.1" 200 -
[hub_server:http] "GET /hub3d/npc/Rook.webp HTTP/1.1" 200 -
[hub_server:http] "GET /hub3d/npc/Yulia.webp HTTP/1.1" 200 -
[hub_server:http] "GET /hub3d/npc/Sera.webp HTTP/1.1" 200 -
[hub_server:http] "GET /hub3d/npc/Kael.webp HTTP/1.1" 200 -
[hub_server:http] "GET /hub3d/stills.json HTTP/1.1" 200 -
[hub_server:http] "GET /assets/Battlers/Enemies/Goblin-Skirmisher.png HTTP/1.1" 200 -
[hub_server:http] "GET /assets/Bosses/Briarmaw/Briarmaw.png HTTP/1.1" 200 -
[hub_server:http] "GET /api/state HTTP/1.1" 200 -
[hub_server:http] "GET /assets/Music/mp3/07.%20Spirits%20Forest%20(loop).mp3 HTTP/1.1" 200 -
[hub_server:http] "GET /assets/Portraits/Goblin%20Guard.webp HTTP/1.1" 404 -
[hub_server:http] "GET /assets/SFX/10_UI_Menu_SFX/013_Confirm_03.wav HTTP/1.1" 200 -
[hub_server:http] "POST /api/world/hub_battle HTTP/1.1" 200 -
[hub_server:http] "GET /assets/SFX/10_UI_Menu_SFX/013_Confirm_03.wav HTTP/1.1" 200 -
[hub_server:http] "GET /battle?return=hub3d&scene=forest&key=fq_g2 HTTP/1.1" 200 -
[hub_server:http] "GET /hub3d/appmode.js HTTP/1.1" 200 -
[hub_server:http] "GET /battle/battlemap.js HTTP/1.1" 200 -
[hub_server:http] "GET /battle/battle3d.js HTTP/1.1" 200 -
[hub_server:http] "GET /hub3d/envfx.js HTTP/1.1" 200 -
[hub_server:ws] client connected -- starting a new battle
[hub_server:http] "GET /battle/maps/index.json HTTP/1.1" 200 -
[hub_server:http] "GET /assets/Artwork/Background.webp HTTP/1.1" 200 -
[hub_server:http] "GET /assets/Artwork/Icons.png HTTP/1.1" 200 -
[hub_server:http] "GET /assets/Battlers/Enemies/Goblin-Skirmisher.png HTTP/1.1" 200 -
[hub_server:http] "GET /assets/SFX/10_Battle_SFX/55_Encounter_02.wav HTTP/1.1" 200 -
[hub_server:http] "GET /assets/Music/Battle/Battle1.mp3 HTTP/1.1" 200 -
[hub_server:http] "GET /assets/Battlers/Kael/Kael-Idle.png HTTP/1.1" 200 -
[hub_server:ws] client disconnected
[hub_server:http] "GET /assets/Battlers/Kael/Kael-Run.png HTTP/1.1" 200 -
[hub_server:http] "GET /assets/Battlers/Kael/Kael-Attack.png HTTP/1.1" 200 -
[hub_server:http] "GET /assets/Artwork/Effect_BigHit/30fps/Spritesheets/Effect_BigHit_1_557x553.png HTTP/1.1" 200 -
[hub_server:http] "GET /assets/SFX/10_Battle_SFX/22_Slash_04.wav HTTP/1.1" 200 -
[hub_server:http] "GET /assets/SFX/10_Battle_SFX/69_Enemy_death_01.wav HTTP/1.1" 200 -
[hub_server:http] "GET /assets/Music/Main/Main.mp3 HTTP/1.1" 200 -
[hub_server:http] "GET /?view=3d&scene=forest&cleared=fq_g2 HTTP/1.1" 200 -
[hub_server:http] "GET /battle/battlemap.js HTTP/1.1" 200 -
[hub_server:http] "GET /hub3d/hub3d.js HTTP/1.1" 200 -
[hub_server:http] "GET /hub3d/jrpgmenu.js HTTP/1.1" 200 -
[hub_server:http] "POST /api/story/slave HTTP/1.1" 200 -
[hub_server:http] "GET /hub3d/envfx.js HTTP/1.1" 200 -
[hub_server:http] "GET /assets/Artwork/Background.webp HTTP/1.1" 200 -
[hub_server:http] "GET /api/state HTTP/1.1" 200 -
[hub_server:http] "GET /hub3d/forest.json HTTP/1.1" 200 -
[hub_server:http] "GET /assets/Music/Main/Main.mp3 HTTP/1.1" 200 -
[hub_server:http] "GET /assets/Bosses/ColliseumChamp/ColliseumChamp-Portrait.webp HTTP/1.1" 200 -
[hub_server:http] "GET /hub3d/sprites.json HTTP/1.1" 200 -
[hub_server:http] "GET /assets/Portraits/Bran.webp HTTP/1.1" 200 -
[hub_server:http] "GET /assets/3D/kenney_retro-fantasy-kit/Models/GLB%20format/tree-shrub.glb HTTP/1.1" 200 -
[hub_server:http] "GET /assets/3D/kenney_retro-fantasy-kit/Models/GLB%20format/tree-large.glb HTTP/1.1" 200 -
[hub_server:http] "GET /assets/3D/Paradise/SM_forest_ground.glb HTTP/1.1" 200 -
[hub_server:http] "GET /assets/3D/Paradise/SM_rock_01.glb HTTP/1.1" 200 -
[hub_server:http] "GET /assets/3D/Paradise/SM_Plant_01.glb HTTP/1.1" 200 -
[hub_server:http] "GET /assets/3D/Paradise/SM_rock_02.glb HTTP/1.1" 200 -
[hub_server:http] "GET /assets/3D/Paradise/SM_grass_02.glb HTTP/1.1" 200 -
[hub_server:http] "GET /assets/3D/Paradise/SM_Plant_02.glb HTTP/1.1" 200 -
[hub_server:http] "GET /assets/3D/GodCity/SM_flowers_02.glb HTTP/1.1" 200 -
[hub_server:http] "GET /assets/3D/Paradise/SM_Plant_03.glb HTTP/1.1" 200 -
[hub_server:http] "GET /assets/3D/Paradise/SM_grass_01.glb HTTP/1.1" 200 -
[hub_server:http] "GET /assets/3D/GodCity/SM_flowers_01.glb HTTP/1.1" 200 -
[hub_server:http] "GET /assets/3D/kenney_retro-fantasy-kit/Models/GLB%20format/wall-pane-wood-window.glb HTTP/1.1" 200 -
[hub_server:http] "GET /assets/3D/kenney_retro-fantasy-kit/Models/GLB%20format/wall-pane-wood-door.glb HTTP/1.1" 200 -
[hub_server:http] "GET /assets/3D/kenney_retro-fantasy-kit/Models/GLB%20format/barrels.glb HTTP/1.1" 200 -
[hub_server:http] "GET /assets/3D/kenney_retro-fantasy-kit/Models/GLB%20format/roof-high-side-brown.glb HTTP/1.1" 200 -
[hub_server:http] "GET /assets/3D/kenney_retro-fantasy-kit/Models/GLB%20format/wall-pane-wood.glb HTTP/1.1" 200 -
[hub_server:http] "GET /assets/3D/kenney_retro-fantasy-kit/Models/GLB%20format/structure-poles.glb HTTP/1.1" 200 -
[hub_server:http] "GET /assets/3D/kenney_retro-fantasy-kit/Models/GLB%20format/detail-crate.glb HTTP/1.1" 200 -
[hub_server:http] "GET /assets/3D/Paradise/SM_pillar.glb HTTP/1.1" 200 -
[hub_server:http] "GET /assets/3D/Paradise/SM_waterfall.glb HTTP/1.1" 200 -
[hub_server:http] "GET /assets/3D/GodCity/SM_market_tent_01.glb HTTP/1.1" 200 -
[hub_server:http] "GET /assets/3D/GodCity/SM_brasero.glb HTTP/1.1" 200 -
[hub_server:http] "GET /assets/3D/Paradise/SM_bed.glb HTTP/1.1" 200 -
[hub_server:http] "GET /assets/3D/Paradise/SM_table_02.glb HTTP/1.1" 200 -
[hub_server:http] "GET /assets/3D/kenney_retro-fantasy-kit/Models/GLB%20format/fence.glb HTTP/1.1" 200 -
[hub_server:http] "GET /assets/3D/GodCity/SM_bush_02.glb HTTP/1.1" 200 -
[hub_server:http] "GET /assets/3D/kenney_retro-fantasy-kit/Models/GLB%20format/column.glb HTTP/1.1" 200 -
[hub_server:http] "GET /assets/3D/GodCity/SM_bush_01.glb HTTP/1.1" 200 -
[hub_server:http] "GET /assets/3D/kenney_retro-fantasy-kit/Models/GLB%20format/detail-crate-small.glb HTTP/1.1" 200 -
[hub_server:http] "GET /assets/3D/GodCity/SM_market_tent_02.glb HTTP/1.1" 200 -
[hub_server:http] "GET /assets/3D/kenney_retro-fantasy-kit/Models/GLB%20format/column-wood.glb HTTP/1.1" 200 -
[hub_server:http] "GET /assets/3D/kenney_retro-fantasy-kit/Models/GLB%20format/structure.glb HTTP/1.1" 200 -
[hub_server:http] "GET /assets/3D/GodCity/SM_circular_terrace.glb HTTP/1.1" 200 -
[hub_server:http] "GET /assets/3D/kenney_retro-fantasy-kit/Models/GLB%20format/floor-flat.glb HTTP/1.1" 200 -
[hub_server:http] "GET /assets/3D/kenney_retro-fantasy-kit/Models/GLB%20format/wall-pane-paint-door.glb HTTP/1.1" 200 -
[hub_server:http] "GET /assets/3D/kenney_retro-fantasy-kit/Models/GLB%20format/wall-pane-paint-window.glb HTTP/1.1" 200 -
[hub_server:http] "GET /assets/3D/kenney_retro-fantasy-kit/Models/GLB%20format/wall-pane-paint.glb HTTP/1.1" 200 -
[hub_server:http] "GET /assets/3D/kenney_retro-fantasy-kit/Models/GLB%20format/Textures/tree.png HTTP/1.1" 200 -
[hub_server:http] "GET /assets/3D/kenney_retro-fantasy-kit/Models/GLB%20format/roof.glb HTTP/1.1" 200 -
[hub_server:http] "GET /assets/3D/kenney_retro-fantasy-kit/Models/GLB%20format/Textures/cobblestone.png HTTP/1.1" 200 -
[hub_server:http] "GET /assets/3D/kenney_retro-fantasy-kit/Models/GLB%20format/Textures/planks.png HTTP/1.1" 200 -
[hub_server:http] "GET /assets/3D/kenney_retro-fantasy-kit/Models/GLB%20format/Textures/details.png HTTP/1.1" 200 -
[hub_server:http] "GET /assets/3D/kenney_retro-fantasy-kit/Models/GLB%20format/Textures/barrel.png HTTP/1.1" 200 -
[hub_server:http] "GET /assets/3D/kenney_retro-fantasy-kit/Models/GLB%20format/Textures/cobblestoneAlternative.png HTTP/1.1" 200 -
[hub_server:http] "GET /assets/3D/kenney_retro-fantasy-kit/Models/GLB%20format/Textures/roof-brown.png HTTP/1.1" 200 -
[hub_server:http] "GET /assets/3D/kenney_retro-fantasy-kit/Models/GLB%20format/Textures/fence.png HTTP/1.1" 200 -
[hub_server:http] "GET /assets/3D/kenney_retro-fantasy-kit/Models/GLB%20format/Textures/cobblestonePainted.png HTTP/1.1" 200 -
[hub_server:http] "GET /assets/3D/kenney_retro-fantasy-kit/Models/GLB%20format/Textures/roof.png HTTP/1.1" 200 -
[hub_server:http] "GET /hub3d/npc/Walk-South.webp HTTP/1.1" 200 -
[hub_server:http] "GET /hub3d/npc/Walk-East.webp HTTP/1.1" 200 -
[hub_server:http] "GET /hub3d/npc/Walk-North.webp HTTP/1.1" 200 -
[hub_server:http] "GET /hub3d/npc/Walk-West.webp HTTP/1.1" 200 -
[hub_server:http] "GET /hub3d/npc/Draven.webp HTTP/1.1" 200 -
[hub_server:http] "GET /hub3d/npc/Rook.webp HTTP/1.1" 200 -
[hub_server:http] "GET /hub3d/npc/Yulia.webp HTTP/1.1" 200 -
[hub_server:http] "GET /hub3d/npc/Kael.webp HTTP/1.1" 200 -
[hub_server:http] "GET /hub3d/npc/Sera.webp HTTP/1.1" 200 -
[hub_server:http] "GET /hub3d/stills.json HTTP/1.1" 200 -
[hub_server:http] "GET /assets/Battlers/Enemies/Goblin-Skirmisher.png HTTP/1.1" 200 -
[hub_server:http] "GET /assets/Bosses/Briarmaw/Briarmaw.png HTTP/1.1" 200 -
[hub_server:http] "GET /hub3d/sidequests.json HTTP/1.1" 200 -
[hub_server:http] "GET /assets/Music/mp3/07.%20Spirits%20Forest%20(intro).mp3 HTTP/1.1" 200 -
[hub_server:http] "GET /assets/Portraits/Goblin%20Guard.webp HTTP/1.1" 404 -
[hub_server:http] "GET /assets/SFX/10_UI_Menu_SFX/013_Confirm_03.wav HTTP/1.1" 200 -
[hub_server:http] "POST /api/world/hub_battle HTTP/1.1" 200 -
[hub_server:http] "GET /assets/SFX/10_UI_Menu_SFX/013_Confirm_03.wav HTTP/1.1" 200 -
[hub_server:http] "GET /battle?return=hub3d&scene=forest&key=fq_g1 HTTP/1.1" 200 -
[hub_server:http] "GET /hub3d/appmode.js HTTP/1.1" 200 -
[hub_server:http] "GET /battle/battlemap.js HTTP/1.1" 200 -
[hub_server:http] "GET /battle/battle3d.js HTTP/1.1" 200 -
[hub_server:http] "GET /hub3d/envfx.js HTTP/1.1" 200 -
[hub_server:ws] client connected -- starting a new battle
[hub_server:http] "GET /battle/maps/index.json HTTP/1.1" 200 -
[hub_server:http] "GET /assets/Artwork/Icons.png HTTP/1.1" 200 -
[hub_server:http] "GET /assets/Artwork/Background.webp HTTP/1.1" 200 -
[hub_server:http] "GET /assets/Battlers/Enemies/Goblin-Skirmisher.png HTTP/1.1" 200 -
[hub_server:http] "GET /assets/SFX/10_Battle_SFX/55_Encounter_02.wav HTTP/1.1" 200 -
[hub_server:http] "GET /assets/Battlers/Kael/Kael-Idle.png HTTP/1.1" 200 -
[hub_server:http] "GET /assets/Music/Battle/Battle1.mp3 HTTP/1.1" 200 -
[ai] Goblin Skirmisher: falling back to scripted AI (Model 'llama3.1' not found on http://localhost:11434/api/chat (model 'llama3.1' not found). Run `ollama list` to see exact model names, then pass --model <name> (or `ollama pull llama3.1` if it's genuinely missing).)
[hub_server:http] "GET /assets/Artwork/Effect_BigHit/30fps/Spritesheets/Effect_BigHit_1_557x553.png HTTP/1.1" 200 -
[hub_server:http] "GET /assets/SFX/10_Battle_SFX/22_Slash_04.wav HTTP/1.1" 200 -
[hub_server:http] "GET /assets/Battlers/Kael/Kael-Run.png HTTP/1.1" 200 -
[hub_server:http] "GET /assets/Battlers/Kael/Kael-Attack.png HTTP/1.1" 200 -
[hub_server:http] "GET /assets/SFX/10_Battle_SFX/22_Slash_04.wav HTTP/1.1" 200 -
[ai] Goblin Skirmisher: falling back to scripted AI (Model 'llama3.1' not found on http://localhost:11434/api/chat (model 'llama3.1' not found). Run `ollama list` to see exact model names, then pass --model <name> (or `ollama pull llama3.1` if it's genuinely missing).)
[hub_server:http] "GET /assets/SFX/10_Battle_SFX/22_Slash_04.wav HTTP/1.1" 200 -
[hub_server:http] "GET /assets/SFX/8_Buffs_Heals_SFX/46_Poison_01.wav HTTP/1.1" 404 -
[hub_server:ws] client disconnected
[hub_server:http] "GET /assets/SFX/10_Battle_SFX/22_Slash_04.wav HTTP/1.1" 200 -
[hub_server:http] "GET /assets/SFX/10_Battle_SFX/69_Enemy_death_01.wav HTTP/1.1" 200 -
[hub_server:http] "GET /assets/Music/Main/Main.mp3 HTTP/1.1" 200 -
[hub_server:http] "GET /?view=3d&scene=forest&cleared=fq_g1 HTTP/1.1" 200 -
[hub_server:http] "GET /battle/battlemap.js HTTP/1.1" 200 -
[hub_server:http] "GET /hub3d/hub3d.js HTTP/1.1" 200 -
[hub_server:http] "GET /hub3d/jrpgmenu.js HTTP/1.1" 200 -
[hub_server:http] "POST /api/story/slave HTTP/1.1" 200 -
[hub_server:http] "GET /hub3d/envfx.js HTTP/1.1" 200 -
[hub_server:http] "GET /assets/Artwork/Background.webp HTTP/1.1" 200 -
[hub_server:http] "GET /api/state HTTP/1.1" 200 -
[hub_server:http] "GET /hub3d/forest.json HTTP/1.1" 200 -
[hub_server:http] "GET /assets/Music/Main/Main.mp3 HTTP/1.1" 200 -
[hub_server:http] "GET /hub3d/sprites.json HTTP/1.1" 200 -
[hub_server:http] "GET /assets/Portraits/Bran.webp HTTP/1.1" 200 -
[hub_server:http] "GET /assets/Bosses/ColliseumChamp/ColliseumChamp-Portrait.webp HTTP/1.1" 200 -
[hub_server:http] "GET /assets/3D/kenney_retro-fantasy-kit/Models/GLB%20format/tree-large.glb HTTP/1.1" 200 -
[hub_server:http] "GET /assets/3D/Paradise/SM_forest_ground.glb HTTP/1.1" 200 -
[hub_server:http] "GET /assets/3D/kenney_retro-fantasy-kit/Models/GLB%20format/tree-shrub.glb HTTP/1.1" 200 -
[hub_server:http] "GET /assets/3D/Paradise/SM_rock_01.glb HTTP/1.1" 200 -
[hub_server:http] "GET /assets/3D/Paradise/SM_rock_02.glb HTTP/1.1" 200 -
[hub_server:http] "GET /assets/3D/Paradise/SM_grass_02.glb HTTP/1.1" 200 -
[hub_server:http] "GET /assets/3D/Paradise/SM_Plant_01.glb HTTP/1.1" 200 -
[hub_server:http] "GET /assets/3D/Paradise/SM_Plant_02.glb HTTP/1.1" 200 -
[hub_server:http] "GET /assets/3D/GodCity/SM_flowers_02.glb HTTP/1.1" 200 -
[hub_server:http] "GET /assets/3D/Paradise/SM_Plant_03.glb HTTP/1.1" 200 -
[hub_server:http] "GET /assets/3D/Paradise/SM_grass_01.glb HTTP/1.1" 200 -
[hub_server:http] "GET /assets/3D/GodCity/SM_flowers_01.glb HTTP/1.1" 200 -
[hub_server:http] "GET /assets/3D/kenney_retro-fantasy-kit/Models/GLB%20format/wall-pane-wood-window.glb HTTP/1.1" 200 -
[hub_server:http] "GET /assets/3D/kenney_retro-fantasy-kit/Models/GLB%20format/wall-pane-wood-door.glb HTTP/1.1" 200 -
[hub_server:http] "GET /assets/3D/kenney_retro-fantasy-kit/Models/GLB%20format/wall-pane-wood.glb HTTP/1.1" 200 -
[hub_server:http] "GET /assets/3D/kenney_retro-fantasy-kit/Models/GLB%20format/roof-high-side-brown.glb HTTP/1.1" 200 -
[hub_server:http] "GET /assets/3D/Paradise/SM_pillar.glb HTTP/1.1" 200 -
[hub_server:http] "GET /assets/3D/kenney_retro-fantasy-kit/Models/GLB%20format/barrels.glb HTTP/1.1" 200 -
[hub_server:http] "GET /assets/3D/Paradise/SM_waterfall.glb HTTP/1.1" 200 -
[hub_server:http] "GET /assets/3D/kenney_retro-fantasy-kit/Models/GLB%20format/detail-crate.glb HTTP/1.1" 200 -
[hub_server:http] "GET /assets/3D/kenney_retro-fantasy-kit/Models/GLB%20format/structure-poles.glb HTTP/1.1" 200 -
[hub_server:http] "GET /assets/3D/GodCity/SM_market_tent_01.glb HTTP/1.1" 200 -
[hub_server:http] "GET /assets/3D/Paradise/SM_bed.glb HTTP/1.1" 200 -
[hub_server:http] "GET /assets/3D/Paradise/SM_table_02.glb HTTP/1.1" 200 -
[hub_server:http] "GET /assets/3D/GodCity/SM_brasero.glb HTTP/1.1" 200 -
[hub_server:http] "GET /assets/3D/kenney_retro-fantasy-kit/Models/GLB%20format/fence.glb HTTP/1.1" 200 -
[hub_server:http] "GET /assets/3D/GodCity/SM_bush_02.glb HTTP/1.1" 200 -
[hub_server:http] "GET /assets/3D/GodCity/SM_bush_01.glb HTTP/1.1" 200 -
[hub_server:http] "GET /assets/3D/kenney_retro-fantasy-kit/Models/GLB%20format/detail-crate-small.glb HTTP/1.1" 200 -
[hub_server:http] "GET /assets/3D/kenney_retro-fantasy-kit/Models/GLB%20format/column.glb HTTP/1.1" 200 -
[hub_server:http] "GET /assets/3D/GodCity/SM_market_tent_02.glb HTTP/1.1" 200 -
[hub_server:http] "GET /assets/3D/kenney_retro-fantasy-kit/Models/GLB%20format/column-wood.glb HTTP/1.1" 200 -
[hub_server:http] "GET /assets/3D/kenney_retro-fantasy-kit/Models/GLB%20format/structure.glb HTTP/1.1" 200 -
[hub_server:http] "GET /assets/3D/GodCity/SM_circular_terrace.glb HTTP/1.1" 200 -
[hub_server:http] "GET /assets/3D/kenney_retro-fantasy-kit/Models/GLB%20format/floor-flat.glb HTTP/1.1" 200 -
[hub_server:http] "GET /assets/3D/kenney_retro-fantasy-kit/Models/GLB%20format/wall-pane-paint-door.glb HTTP/1.1" 200 -
[hub_server:http] "GET /assets/3D/kenney_retro-fantasy-kit/Models/GLB%20format/wall-pane-paint-window.glb HTTP/1.1" 200 -
[hub_server:http] "GET /assets/3D/kenney_retro-fantasy-kit/Models/GLB%20format/wall-pane-paint.glb HTTP/1.1" 200 -
[hub_server:http] "GET /assets/3D/kenney_retro-fantasy-kit/Models/GLB%20format/roof.glb HTTP/1.1" 200 -
[hub_server:http] "GET /assets/3D/kenney_retro-fantasy-kit/Models/GLB%20format/Textures/tree.png HTTP/1.1" 200 -
[hub_server:http] "GET /assets/3D/kenney_retro-fantasy-kit/Models/GLB%20format/Textures/planks.png HTTP/1.1" 200 -
[hub_server:http] "GET /assets/3D/kenney_retro-fantasy-kit/Models/GLB%20format/Textures/cobblestone.png HTTP/1.1" 200 -
[hub_server:http] "GET /assets/3D/kenney_retro-fantasy-kit/Models/GLB%20format/Textures/details.png HTTP/1.1" 200 -
[hub_server:http] "GET /assets/3D/kenney_retro-fantasy-kit/Models/GLB%20format/Textures/cobblestoneAlternative.png HTTP/1.1" 200 -
[hub_server:http] "GET /assets/3D/kenney_retro-fantasy-kit/Models/GLB%20format/Textures/roof-brown.png HTTP/1.1" 200 -
[hub_server:http] "GET /assets/3D/kenney_retro-fantasy-kit/Models/GLB%20format/Textures/barrel.png HTTP/1.1" 200 -
[hub_server:http] "GET /assets/3D/kenney_retro-fantasy-kit/Models/GLB%20format/Textures/fence.png HTTP/1.1" 200 -
[hub_server:http] "GET /assets/3D/kenney_retro-fantasy-kit/Models/GLB%20format/Textures/cobblestonePainted.png HTTP/1.1" 200 -
[hub_server:http] "GET /assets/3D/kenney_retro-fantasy-kit/Models/GLB%20format/Textures/roof.png HTTP/1.1" 200 -
[hub_server:http] "GET /hub3d/npc/Walk-North.webp HTTP/1.1" 200 -
[hub_server:http] "GET /hub3d/npc/Walk-South.webp HTTP/1.1" 200 -
[hub_server:http] "GET /hub3d/npc/Walk-East.webp HTTP/1.1" 200 -
[hub_server:http] "GET /hub3d/npc/Walk-West.webp HTTP/1.1" 200 -
[hub_server:http] "GET /hub3d/npc/Draven.webp HTTP/1.1" 200 -
[hub_server:http] "GET /hub3d/npc/Rook.webp HTTP/1.1" 200 -
[hub_server:http] "GET /hub3d/npc/Yulia.webp HTTP/1.1" 200 -
[hub_server:http] "GET /hub3d/npc/Sera.webp HTTP/1.1" 200 -
[hub_server:http] "GET /hub3d/npc/Kael.webp HTTP/1.1" 200 -
[hub_server:http] "GET /hub3d/stills.json HTTP/1.1" 200 -
[hub_server:http] "GET /assets/Bosses/Briarmaw/Briarmaw.png HTTP/1.1" 200 -
[hub_server:http] "GET /hub3d/sidequests.json HTTP/1.1" 200 -
[hub_server:http] "GET /assets/Music/mp3/07.%20Spirits%20Forest%20(intro).mp3 HTTP/1.1" 200 -
[hub_server:http] "GET /assets/SFX/10_UI_Menu_SFX/013_Confirm_03.wav HTTP/1.1" 200 -
[hub_server:http] "GET /assets/Music/mp3/12.%20Goofy%20Monster.mp3 HTTP/1.1" 200 -
[hub_server:http] "GET /assets/Portraits/Chieftain%20Skraag.webp HTTP/1.1" 404 -
[hub_server:http] "GET /assets/SFX/10_UI_Menu_SFX/013_Confirm_03.wav HTTP/1.1" 200 -
[hub_server:http] "GET /assets/SFX/10_UI_Menu_SFX/013_Confirm_03.wav HTTP/1.1" 200 -
[hub_server:http] "GET /assets/SFX/10_UI_Menu_SFX/013_Confirm_03.wav HTTP/1.1" 200 -
[hub_server:http] "POST /api/world/hub_battle HTTP/1.1" 200 -
[hub_server:http] "GET /battle?return=hub3d&scene=forest&key=fq_chief HTTP/1.1" 200 -
[hub_server:http] "GET /hub3d/appmode.js HTTP/1.1" 200 -
[hub_server:http] "GET /battle/battlemap.js HTTP/1.1" 200 -
[hub_server:http] "GET /battle/battle3d.js HTTP/1.1" 200 -
[hub_server:http] "GET /hub3d/envfx.js HTTP/1.1" 200 -
[hub_server:ws] client connected -- starting a new battle
[hub_server:http] "GET /assets/Artwork/Background.webp HTTP/1.1" 200 -
[hub_server:http] "GET /battle/maps/index.json HTTP/1.1" 200 -
[hub_server:http] "GET /assets/Artwork/Icons.png HTTP/1.1" 200 -
[hub_server:http] "GET /assets/Battlers/Enemies/Bandit-Rogue.png HTTP/1.1" 200 -
[hub_server:http] "GET /assets/Battlers/Enemies/Goblin-Skirmisher.png HTTP/1.1" 200 -
[hub_server:http] "GET /assets/SFX/10_Battle_SFX/55_Encounter_02.wav HTTP/1.1" 200 -
[hub_server:http] "GET /assets/Battlers/Kael/Kael-Idle.png HTTP/1.1" 200 -
[hub_server:http] "GET /assets/Music/Battle/Battle1.mp3 HTTP/1.1" 200 -
[ai] Bandit Rogue: falling back to scripted AI (Model 'llama3.1' not found on http://localhost:11434/api/chat (model 'llama3.1' not found). Run `ollama list` to see exact model names, then pass --model <name> (or `ollama pull llama3.1` if it's genuinely missing).)
[hub_server:http] "GET /assets/Artwork/Effect_BigHit/30fps/Spritesheets/Effect_BigHit_1_557x553.png HTTP/1.1" 200 -
[hub_server:http] "GET /assets/SFX/10_Battle_SFX/22_Slash_04.wav HTTP/1.1" 200 -
[hub_server:http] "GET /assets/Battlers/Kael/Kael-Run.png HTTP/1.1" 200 -
[hub_server:http] "GET /assets/Battlers/Kael/Kael-Attack.png HTTP/1.1" 200 -
[hub_server:http] "GET /assets/SFX/10_Battle_SFX/22_Slash_04.wav HTTP/1.1" 200 -
[ai] Goblin Skirmisher: falling back to scripted AI (Model 'llama3.1' not found on http://localhost:11434/api/chat (model 'llama3.1' not found). Run `ollama list` to see exact model names, then pass --model <name> (or `ollama pull llama3.1` if it's genuinely missing).)
[hub_server:http] "GET /assets/Artwork/Effect_Constellation/30fps/Spritesheets/Effect_Constellation_1_299x313.png HTTP/1.1" 200 -
[hub_server:http] "GET /assets/SFX/8_Buffs_Heals_SFX/21_Debuff_01.wav HTTP/1.1" 200 -
[ai] Bandit Rogue: falling back to scripted AI (Model 'llama3.1' not found on http://localhost:11434/api/chat (model 'llama3.1' not found). Run `ollama list` to see exact model names, then pass --model <name> (or `ollama pull llama3.1` if it's genuinely missing).)
[hub_server:http] "GET /assets/SFX/10_Battle_SFX/22_Slash_04.wav HTTP/1.1" 200 -
[ai] Goblin Skirmisher: falling back to scripted AI (Model 'llama3.1' not found on http://localhost:11434/api/chat (model 'llama3.1' not found). Run `ollama list` to see exact model names, then pass --model <name> (or `ollama pull llama3.1` if it's genuinely missing).)
[hub_server:http] "GET /assets/SFX/10_Battle_SFX/22_Slash_04.wav HTTP/1.1" 200 -
[hub_server:http] "GET /assets/SFX/10_Battle_SFX/22_Slash_04.wav HTTP/1.1" 200 -
[hub_server:http] "GET /assets/SFX/10_Battle_SFX/69_Enemy_death_01.wav HTTP/1.1" 200 -
[ai] Bandit Rogue: falling back to scripted AI (Model 'llama3.1' not found on http://localhost:11434/api/chat (model 'llama3.1' not found). Run `ollama list` to see exact model names, then pass --model <name> (or `ollama pull llama3.1` if it's genuinely missing).)
[hub_server:http] "GET /assets/SFX/10_Battle_SFX/22_Slash_04.wav HTTP/1.1" 200 -
[hub_server:http] "GET /assets/SFX/8_Buffs_Heals_SFX/46_Poison_01.wav HTTP/1.1" 404 -
[hub_server:http] "GET /assets/SFX/10_Battle_SFX/22_Slash_04.wav HTTP/1.1" 200 -
[ai] Bandit Rogue: falling back to scripted AI (Model 'llama3.1' not found on http://localhost:11434/api/chat (model 'llama3.1' not found). Run `ollama list` to see exact model names, then pass --model <name> (or `ollama pull llama3.1` if it's genuinely missing).)
[hub_server:http] "GET /assets/SFX/10_Battle_SFX/22_Slash_04.wav HTTP/1.1" 200 -
[hub_server:http] "GET /assets/SFX/10_Battle_SFX/22_Slash_04.wav HTTP/1.1" 200 -
[ai] Bandit Rogue: falling back to scripted AI (Model 'llama3.1' not found on http://localhost:11434/api/chat (model 'llama3.1' not found). Run `ollama list` to see exact model names, then pass --model <name> (or `ollama pull llama3.1` if it's genuinely missing).)
[hub_server:http] "GET /assets/SFX/10_Battle_SFX/22_Slash_04.wav HTTP/1.1" 200 -
[hub_server:http] "GET /assets/SFX/10_Battle_SFX/22_Slash_04.wav HTTP/1.1" 200 -
[ai] Bandit Rogue: falling back to scripted AI (Model 'llama3.1' not found on http://localhost:11434/api/chat (model 'llama3.1' not found). Run `ollama list` to see exact model names, then pass --model <name> (or `ollama pull llama3.1` if it's genuinely missing).)
[hub_server:http] "GET /assets/SFX/10_Battle_SFX/22_Slash_04.wav HTTP/1.1" 200 -
[hub_server:http] "GET /assets/SFX/10_Battle_SFX/22_Slash_04.wav HTTP/1.1" 200 -
[ai] Bandit Rogue: falling back to scripted AI (Model 'llama3.1' not found on http://localhost:11434/api/chat (model 'llama3.1' not found). Run `ollama list` to see exact model names, then pass --model <name> (or `ollama pull llama3.1` if it's genuinely missing).)
[hub_server:http] "GET /assets/SFX/8_Buffs_Heals_SFX/46_Poison_01.wav HTTP/1.1" 404 -
[hub_server:http] "GET /assets/SFX/10_Battle_SFX/22_Slash_04.wav HTTP/1.1" 200 -
[hub_server:http] "GET /assets/SFX/10_Battle_SFX/22_Slash_04.wav HTTP/1.1" 200 -
[ai] Bandit Rogue: falling back to scripted AI (Model 'llama3.1' not found on http://localhost:11434/api/chat (model 'llama3.1' not found). Run `ollama list` to see exact model names, then pass --model <name> (or `ollama pull llama3.1` if it's genuinely missing).)
[hub_server:http] "GET /assets/SFX/10_Battle_SFX/22_Slash_04.wav HTTP/1.1" 200 -
[hub_server:ws] client disconnected
[hub_server:http] "GET /assets/SFX/10_Battle_SFX/22_Slash_04.wav HTTP/1.1" 200 -
[hub_server:http] "GET /assets/SFX/10_Battle_SFX/69_Enemy_death_01.wav HTTP/1.1" 200 -
[hub_server:http] "GET /assets/Music/Main/Main.mp3 HTTP/1.1" 200 -
[hub_server:http] "GET /?view=3d&scene=forest&cleared=fq_chief HTTP/1.1" 200 -
[hub_server:http] "GET /battle/battlemap.js HTTP/1.1" 200 -
[hub_server:http] "GET /hub3d/hub3d.js HTTP/1.1" 200 -
[hub_server:http] "GET /hub3d/jrpgmenu.js HTTP/1.1" 200 -
[hub_server:http] "POST /api/story/slave HTTP/1.1" 200 -
[hub_server:http] "GET /hub3d/envfx.js HTTP/1.1" 200 -
[hub_server:http] "GET /assets/Artwork/Background.webp HTTP/1.1" 200 -
[hub_server:http] "GET /api/state HTTP/1.1" 200 -
[hub_server:http] "GET /hub3d/forest.json HTTP/1.1" 200 -
[hub_server:http] "GET /assets/Music/Main/Main.mp3 HTTP/1.1" 200 -
[hub_server:http] "GET /assets/Portraits/Bran.webp HTTP/1.1" 200 -
[hub_server:http] "GET /assets/Bosses/ColliseumChamp/ColliseumChamp-Portrait.webp HTTP/1.1" 200 -
[hub_server:http] "GET /hub3d/sprites.json HTTP/1.1" 200 -
[hub_server:http] "GET /assets/3D/Paradise/SM_forest_ground.glb HTTP/1.1" 200 -
[hub_server:http] "GET /assets/3D/Paradise/SM_rock_01.glb HTTP/1.1" 200 -
[hub_server:http] "GET /assets/3D/kenney_retro-fantasy-kit/Models/GLB%20format/tree-shrub.glb HTTP/1.1" 200 -
[hub_server:http] "GET /assets/3D/kenney_retro-fantasy-kit/Models/GLB%20format/tree-large.glb HTTP/1.1" 200 -
[hub_server:http] "GET /assets/3D/Paradise/SM_rock_02.glb HTTP/1.1" 200 -
[hub_server:http] "GET /assets/3D/Paradise/SM_Plant_01.glb HTTP/1.1" 200 -
[hub_server:http] "GET /assets/3D/Paradise/SM_grass_02.glb HTTP/1.1" 200 -
[hub_server:http] "GET /assets/3D/Paradise/SM_Plant_02.glb HTTP/1.1" 200 -
[hub_server:http] "GET /assets/3D/GodCity/SM_flowers_02.glb HTTP/1.1" 200 -
[hub_server:http] "GET /assets/3D/Paradise/SM_Plant_03.glb HTTP/1.1" 200 -
[hub_server:http] "GET /assets/3D/Paradise/SM_grass_01.glb HTTP/1.1" 200 -
[hub_server:http] "GET /assets/3D/GodCity/SM_flowers_01.glb HTTP/1.1" 200 -
[hub_server:http] "GET /assets/3D/kenney_retro-fantasy-kit/Models/GLB%20format/wall-pane-wood-door.glb HTTP/1.1" 200 -
[hub_server:http] "GET /assets/3D/kenney_retro-fantasy-kit/Models/GLB%20format/wall-pane-wood-window.glb HTTP/1.1" 200 -
[hub_server:http] "GET /assets/3D/kenney_retro-fantasy-kit/Models/GLB%20format/wall-pane-wood.glb HTTP/1.1" 200 -
[hub_server:http] "GET /assets/3D/kenney_retro-fantasy-kit/Models/GLB%20format/barrels.glb HTTP/1.1" 200 -
[hub_server:http] "GET /assets/3D/kenney_retro-fantasy-kit/Models/GLB%20format/roof-high-side-brown.glb HTTP/1.1" 200 -
[hub_server:http] "GET /assets/3D/kenney_retro-fantasy-kit/Models/GLB%20format/detail-crate.glb HTTP/1.1" 200 -
[hub_server:http] "GET /assets/3D/kenney_retro-fantasy-kit/Models/GLB%20format/structure-poles.glb HTTP/1.1" 200 -
[hub_server:http] "GET /assets/3D/Paradise/SM_pillar.glb HTTP/1.1" 200 -
[hub_server:http] "GET /assets/3D/Paradise/SM_waterfall.glb HTTP/1.1" 200 -
[hub_server:http] "GET /assets/3D/GodCity/SM_market_tent_01.glb HTTP/1.1" 200 -
[hub_server:http] "GET /assets/3D/Paradise/SM_bed.glb HTTP/1.1" 200 -
[hub_server:http] "GET /assets/3D/GodCity/SM_brasero.glb HTTP/1.1" 200 -
[hub_server:http] "GET /assets/3D/Paradise/SM_table_02.glb HTTP/1.1" 200 -
[hub_server:http] "GET /assets/3D/kenney_retro-fantasy-kit/Models/GLB%20format/fence.glb HTTP/1.1" 200 -
[hub_server:http] "GET /assets/3D/GodCity/SM_bush_02.glb HTTP/1.1" 200 -
[hub_server:http] "GET /assets/3D/GodCity/SM_bush_01.glb HTTP/1.1" 200 -
[hub_server:http] "GET /assets/3D/kenney_retro-fantasy-kit/Models/GLB%20format/column.glb HTTP/1.1" 200 -
[hub_server:http] "GET /assets/3D/kenney_retro-fantasy-kit/Models/GLB%20format/detail-crate-small.glb HTTP/1.1" 200 -
[hub_server:http] "GET /assets/3D/GodCity/SM_market_tent_02.glb HTTP/1.1" 200 -
[hub_server:http] "GET /assets/3D/kenney_retro-fantasy-kit/Models/GLB%20format/column-wood.glb HTTP/1.1" 200 -
[hub_server:http] "GET /assets/3D/kenney_retro-fantasy-kit/Models/GLB%20format/structure.glb HTTP/1.1" 200 -
[hub_server:http] "GET /assets/3D/GodCity/SM_circular_terrace.glb HTTP/1.1" 200 -
[hub_server:http] "GET /assets/3D/kenney_retro-fantasy-kit/Models/GLB%20format/wall-pane-paint-door.glb HTTP/1.1" 200 -
[hub_server:http] "GET /assets/3D/kenney_retro-fantasy-kit/Models/GLB%20format/floor-flat.glb HTTP/1.1" 200 -
[hub_server:http] "GET /assets/3D/kenney_retro-fantasy-kit/Models/GLB%20format/wall-pane-paint-window.glb HTTP/1.1" 200 -
[hub_server:http] "GET /assets/3D/kenney_retro-fantasy-kit/Models/GLB%20format/Textures/tree.png HTTP/1.1" 200 -
[hub_server:http] "GET /assets/3D/kenney_retro-fantasy-kit/Models/GLB%20format/wall-pane-paint.glb HTTP/1.1" 200 -
[hub_server:http] "GET /assets/3D/kenney_retro-fantasy-kit/Models/GLB%20format/roof.glb HTTP/1.1" 200 -
[hub_server:http] "GET /assets/3D/kenney_retro-fantasy-kit/Models/GLB%20format/Textures/cobblestone.png HTTP/1.1" 200 -
[hub_server:http] "GET /assets/3D/kenney_retro-fantasy-kit/Models/GLB%20format/Textures/planks.png HTTP/1.1" 200 -
[hub_server:http] "GET /assets/3D/kenney_retro-fantasy-kit/Models/GLB%20format/Textures/details.png HTTP/1.1" 200 -
[hub_server:http] "GET /assets/3D/kenney_retro-fantasy-kit/Models/GLB%20format/Textures/barrel.png HTTP/1.1" 200 -
[hub_server:http] "GET /assets/3D/kenney_retro-fantasy-kit/Models/GLB%20format/Textures/roof-brown.png HTTP/1.1" 200 -
[hub_server:http] "GET /assets/3D/kenney_retro-fantasy-kit/Models/GLB%20format/Textures/cobblestoneAlternative.png HTTP/1.1" 200 -
[hub_server:http] "GET /assets/3D/kenney_retro-fantasy-kit/Models/GLB%20format/Textures/fence.png HTTP/1.1" 200 -
[hub_server:http] "GET /assets/3D/kenney_retro-fantasy-kit/Models/GLB%20format/Textures/cobblestonePainted.png HTTP/1.1" 200 -
[hub_server:http] "GET /assets/3D/kenney_retro-fantasy-kit/Models/GLB%20format/Textures/roof.png HTTP/1.1" 200 -
[hub_server:http] "GET /hub3d/npc/Walk-North.webp HTTP/1.1" 200 -
[hub_server:http] "GET /hub3d/npc/Walk-South.webp HTTP/1.1" 200 -
[hub_server:http] "GET /hub3d/npc/Walk-East.webp HTTP/1.1" 200 -
[hub_server:http] "GET /hub3d/npc/Walk-West.webp HTTP/1.1" 200 -
[hub_server:http] "GET /hub3d/npc/Draven.webp HTTP/1.1" 200 -
[hub_server:http] "GET /hub3d/npc/Rook.webp HTTP/1.1" 200 -
[hub_server:http] "GET /hub3d/npc/Yulia.webp HTTP/1.1" 200 -
[hub_server:http] "GET /hub3d/npc/Kael.webp HTTP/1.1" 200 -
[hub_server:http] "GET /hub3d/npc/Sera.webp HTTP/1.1" 200 -
[hub_server:http] "GET /hub3d/stills.json HTTP/1.1" 200 -
[hub_server:http] "GET /assets/Bosses/Briarmaw/Briarmaw.png HTTP/1.1" 200 -
[hub_server:http] "GET /hub3d/sidequests.json HTTP/1.1" 200 -
[hub_server:http] "GET /assets/Music/mp3/07.%20Spirits%20Forest%20(intro).mp3 HTTP/1.1" 200 -
[hub_server:http] "GET /assets/SFX/10_UI_Menu_SFX/013_Confirm_03.wav HTTP/1.1" 200 -
[hub_server:http] "GET /assets/SFX/10_UI_Menu_SFX/013_Confirm_03.wav HTTP/1.1" 200 -
[hub_server:http] "GET /hub3d/forest.json HTTP/1.1" 200 -
[hub_server:http] "GET /hub3d/sprites.json HTTP/1.1" 200 -
[hub_server:http] "GET /hub3d/npc/Walk-North.webp HTTP/1.1" 200 -
[hub_server:http] "GET /hub3d/npc/Walk-East.webp HTTP/1.1" 200 -
[hub_server:http] "GET /hub3d/npc/Walk-South.webp HTTP/1.1" 200 -
[hub_server:http] "GET /hub3d/npc/Walk-West.webp HTTP/1.1" 200 -
[hub_server:http] "GET /hub3d/npc/Draven.webp HTTP/1.1" 200 -
[hub_server:http] "GET /hub3d/npc/Rook.webp HTTP/1.1" 200 -
[hub_server:http] "GET /hub3d/npc/Yulia.webp HTTP/1.1" 200 -
[hub_server:http] "GET /hub3d/npc/Sera.webp HTTP/1.1" 200 -
[hub_server:http] "GET /hub3d/npc/Kael.webp HTTP/1.1" 200 -
[hub_server:http] "GET /hub3d/stills.json HTTP/1.1" 200 -
[hub_server:http] "GET /assets/Bosses/Briarmaw/Briarmaw.png HTTP/1.1" 200 -
[hub_server:http] "GET /api/state HTTP/1.1" 200 -
[hub_server:http] "GET /assets/Portraits/Kael.webp HTTP/1.1" 200 -
[hub_server:http] "GET /assets/Portraits/Ranger%20Willa.webp HTTP/1.1" 404 -
[hub_server:http] "GET /assets/SFX/10_UI_Menu_SFX/013_Confirm_03.wav HTTP/1.1" 200 -
[hub_server:http] "GET /assets/SFX/10_UI_Menu_SFX/013_Confirm_03.wav HTTP/1.1" 200 -
[hub_server:http] "GET /assets/SFX/10_UI_Menu_SFX/013_Confirm_03.wav HTTP/1.1" 200 -
[hub_server:http] "GET /assets/SFX/10_UI_Menu_SFX/013_Confirm_03.wav HTTP/1.1" 200 -
[hub_server:http] "GET /assets/Music/mp3/27.%20The%20Evil%20One.mp3 HTTP/1.1" 200 -
[hub_server:http] "GET /assets/Portraits/Briarmaw.webp HTTP/1.1" 200 -
[hub_server:http] "GET /assets/SFX/10_UI_Menu_SFX/013_Confirm_03.wav HTTP/1.1" 200 -
[hub_server:http] "GET /assets/SFX/10_UI_Menu_SFX/013_Confirm_03.wav HTTP/1.1" 200 -
[hub_server:http] "GET /assets/SFX/10_UI_Menu_SFX/013_Confirm_03.wav HTTP/1.1" 200 -
[hub_server:http] "POST /api/world/hub_battle HTTP/1.1" 200 -
[hub_server:http] "GET /battle?return=hub3d&scene=forest&key=fq_boss HTTP/1.1" 200 -
[hub_server:http] "GET /hub3d/appmode.js HTTP/1.1" 200 -
[hub_server:http] "GET /battle/battlemap.js HTTP/1.1" 200 -
[hub_server:http] "GET /battle/battle3d.js HTTP/1.1" 200 -
[hub_server:http] "GET /hub3d/envfx.js HTTP/1.1" 200 -
[hub_server:ws] client connected -- starting a new battle
[hub_server:http] "GET /battle/maps/index.json HTTP/1.1" 200 -
[hub_server:http] "GET /assets/Artwork/Icons.png HTTP/1.1" 200 -
[hub_server:http] "GET /assets/Artwork/Background.webp HTTP/1.1" 200 -
[hub_server:http] "GET /assets/Bosses/Briarmaw/Briarmaw.png HTTP/1.1" 200 -
[hub_server:http] "GET /assets/Battlers/Kael/Kael-Idle.png HTTP/1.1" 200 -
[hub_server:http] "GET /assets/Portraits/Briarmaw.webp HTTP/1.1" 200 -
[hub_server:http] "GET /assets/SFX/10_Battle_SFX/55_Encounter_02.wav HTTP/1.1" 200 -
[hub_server:http] "GET /assets/Music/Boss/Boss1.mp3 HTTP/1.1" 200 -
[hub_server:http] "GET /assets/SFX/10_UI_Menu_SFX/001_Hover_01.wav HTTP/1.1" 200 -
[hub_server:http] "GET /assets/SFX/10_UI_Menu_SFX/001_Hover_01.wav HTTP/1.1" 200 -
[hub_server:http] "GET /assets/SFX/10_UI_Menu_SFX/001_Hover_01.wav HTTP/1.1" 200 -
[hub_server:http] "GET /assets/SFX/10_UI_Menu_SFX/001_Hover_01.wav HTTP/1.1" 200 -
[hub_server:http] "GET /assets/SFX/10_UI_Menu_SFX/001_Hover_01.wav HTTP/1.1" 200 -
[hub_server:http] "GET /assets/SFX/10_UI_Menu_SFX/001_Hover_01.wav HTTP/1.1" 200 -
[hub_server:http] "GET /assets/SFX/10_UI_Menu_SFX/001_Hover_01.wav HTTP/1.1" 200 -
[hub_server:http] "GET /assets/SFX/10_UI_Menu_SFX/001_Hover_01.wav HTTP/1.1" 200 -
[hub_server:http] "GET /assets/SFX/10_UI_Menu_SFX/001_Hover_01.wav HTTP/1.1" 200 -
[hub_server:http] "GET /assets/SFX/10_UI_Menu_SFX/001_Hover_01.wav HTTP/1.1" 200 -
[hub_server:http] "GET /assets/SFX/10_UI_Menu_SFX/051_use_item_01.wav HTTP/1.1" 200 -
[hub_server:http] "GET /assets/Battlers/Kael/Kael-Run.png HTTP/1.1" 200 -
[hub_server:http] "GET /assets/Battlers/Kael/Kael-Attack.png HTTP/1.1" 200 -
[hub_server:http] "GET /assets/Artwork/Effect_BigHit/30fps/Spritesheets/Effect_BigHit_1_557x553.png HTTP/1.1" 200 -
[hub_server:http] "GET /assets/SFX/10_Battle_SFX/22_Slash_04.wav HTTP/1.1" 200 -
[ai] Briarmaw: falling back to scripted AI (Model 'llama3.1' not found on http://localhost:11434/api/chat (model 'llama3.1' not found). Run `ollama list` to see exact model names, then pass --model <name> (or `ollama pull llama3.1` if it's genuinely missing).)
[hub_server:http] "GET /assets/SFX/10_Battle_SFX/22_Slash_04.wav HTTP/1.1" 200 -
[hub_server:http] "GET /assets/SFX/8_Buffs_Heals_SFX/21_Debuff_01.wav HTTP/1.1" 200 -
[hub_server:http] "GET /assets/SFX/10_UI_Menu_SFX/001_Hover_01.wav HTTP/1.1" 200 -
[hub_server:http] "GET /assets/SFX/10_UI_Menu_SFX/001_Hover_01.wav HTTP/1.1" 200 -
[hub_server:http] "GET /assets/SFX/10_UI_Menu_SFX/001_Hover_01.wav HTTP/1.1" 200 -
[hub_server:http] "GET /assets/SFX/10_UI_Menu_SFX/001_Hover_01.wav HTTP/1.1" 200 -
[hub_server:http] "GET /assets/SFX/10_UI_Menu_SFX/001_Hover_01.wav HTTP/1.1" 200 -
[hub_server:http] "GET /assets/SFX/10_UI_Menu_SFX/051_use_item_01.wav HTTP/1.1" 200 -
[hub_server:http] "GET /assets/SFX/10_Battle_SFX/22_Slash_04.wav HTTP/1.1" 200 -
[ai] Briarmaw: falling back to scripted AI (Model 'llama3.1' not found on http://localhost:11434/api/chat (model 'llama3.1' not found). Run `ollama list` to see exact model names, then pass --model <name> (or `ollama pull llama3.1` if it's genuinely missing).)
[hub_server:http] "GET /assets/SFX/10_Battle_SFX/22_Slash_04.wav HTTP/1.1" 200 -
[hub_server:http] "GET /assets/SFX/10_Battle_SFX/22_Slash_04.wav HTTP/1.1" 200 -
[hub_server:http] "GET /assets/SFX/10_Battle_SFX/22_Slash_04.wav HTTP/1.1" 200 -
[hub_server:http] "GET /assets/SFX/10_Battle_SFX/22_Slash_04.wav HTTP/1.1" 200 -
[ai] Briarmaw: falling back to scripted AI (Model 'llama3.1' not found on http://localhost:11434/api/chat (model 'llama3.1' not found). Run `ollama list` to see exact model names, then pass --model <name> (or `ollama pull llama3.1` if it's genuinely missing).)
[hub_server:http] "GET /assets/SFX/10_Battle_SFX/22_Slash_04.wav HTTP/1.1" 200 -
[hub_server:http] "GET /assets/SFX/10_Battle_SFX/22_Slash_04.wav HTTP/1.1" 200 -
[ai] Briarmaw: falling back to scripted AI (Model 'llama3.1' not found on http://localhost:11434/api/chat (model 'llama3.1' not found). Run `ollama list` to see exact model names, then pass --model <name> (or `ollama pull llama3.1` if it's genuinely missing).)
[hub_server:http] "GET /assets/SFX/10_Battle_SFX/22_Slash_04.wav HTTP/1.1" 200 -
[hub_server:http] "GET /assets/SFX/10_Battle_SFX/22_Slash_04.wav HTTP/1.1" 200 -
[hub_server:http] "GET /assets/SFX/10_Battle_SFX/22_Slash_04.wav HTTP/1.1" 200 -
[hub_server:http] "GET /assets/SFX/10_Battle_SFX/22_Slash_04.wav HTTP/1.1" 200 -
[hub_server:http] "GET /assets/SFX/8_Buffs_Heals_SFX/17_Def_buff_01.wav HTTP/1.1" 200 -
[ai] Briarmaw: falling back to scripted AI (Model 'llama3.1' not found on http://localhost:11434/api/chat (model 'llama3.1' not found). Run `ollama list` to see exact model names, then pass --model <name> (or `ollama pull llama3.1` if it's genuinely missing).)
[hub_server:http] "GET /assets/SFX/10_Battle_SFX/22_Slash_04.wav HTTP/1.1" 200 -
[hub_server:http] "GET /assets/SFX/8_Buffs_Heals_SFX/46_Poison_01.wav HTTP/1.1" 404 -
[hub_server:http] "GET /assets/SFX/10_Battle_SFX/22_Slash_04.wav HTTP/1.1" 200 -
[ai] Briarmaw: falling back to scripted AI (Model 'llama3.1' not found on http://localhost:11434/api/chat (model 'llama3.1' not found). Run `ollama list` to see exact model names, then pass --model <name> (or `ollama pull llama3.1` if it's genuinely missing).)
[hub_server:http] "GET /assets/SFX/10_Battle_SFX/22_Slash_04.wav HTTP/1.1" 200 -
[hub_server:http] "GET /assets/SFX/10_Battle_SFX/22_Slash_04.wav HTTP/1.1" 200 -
[hub_server:http] "GET /assets/SFX/10_Battle_SFX/22_Slash_04.wav HTTP/1.1" 200 -
[hub_server:http] "GET /assets/SFX/10_Battle_SFX/22_Slash_04.wav HTTP/1.1" 200 -
[ai] Briarmaw: falling back to scripted AI (Model 'llama3.1' not found on http://localhost:11434/api/chat (model 'llama3.1' not found). Run `ollama list` to see exact model names, then pass --model <name> (or `ollama pull llama3.1` if it's genuinely missing).)
[hub_server:http] "GET /assets/SFX/8_Buffs_Heals_SFX/46_Poison_01.wav HTTP/1.1" 404 -
[hub_server:http] "GET /assets/SFX/10_Battle_SFX/22_Slash_04.wav HTTP/1.1" 200 -
[hub_server:http] "GET /assets/SFX/10_Battle_SFX/22_Slash_04.wav HTTP/1.1" 200 -
[ai] Briarmaw: falling back to scripted AI (Model 'llama3.1' not found on http://localhost:11434/api/chat (model 'llama3.1' not found). Run `ollama list` to see exact model names, then pass --model <name> (or `ollama pull llama3.1` if it's genuinely missing).)
[hub_server:http] "GET /assets/SFX/10_Battle_SFX/22_Slash_04.wav HTTP/1.1" 200 -
[hub_server:http] "GET /assets/SFX/10_Battle_SFX/22_Slash_04.wav HTTP/1.1" 200 -
[hub_server:http] "GET /assets/SFX/10_Battle_SFX/22_Slash_04.wav HTTP/1.1" 200 -
[hub_server:http] "GET /assets/SFX/10_Battle_SFX/22_Slash_04.wav HTTP/1.1" 200 -
[ai] Briarmaw: falling back to scripted AI (Model 'llama3.1' not found on http://localhost:11434/api/chat (model 'llama3.1' not found). Run `ollama list` to see exact model names, then pass --model <name> (or `ollama pull llama3.1` if it's genuinely missing).)
[hub_server:http] "GET /assets/SFX/10_Battle_SFX/22_Slash_04.wav HTTP/1.1" 200 -
[hub_server:http] "GET /assets/SFX/10_Battle_SFX/22_Slash_04.wav HTTP/1.1" 200 -
[ai] Briarmaw: falling back to scripted AI (Model 'llama3.1' not found on http://localhost:11434/api/chat (model 'llama3.1' not found). Run `ollama list` to see exact model names, then pass --model <name> (or `ollama pull llama3.1` if it's genuinely missing).)
[hub_server:http] "GET /assets/SFX/10_Battle_SFX/22_Slash_04.wav HTTP/1.1" 200 -
[hub_server:http] "GET /assets/SFX/10_Battle_SFX/22_Slash_04.wav HTTP/1.1" 200 -
[hub_server:http] "GET /assets/SFX/10_Battle_SFX/22_Slash_04.wav HTTP/1.1" 200 -
[hub_server:http] "GET /assets/SFX/10_Battle_SFX/22_Slash_04.wav HTTP/1.1" 200 -
[ai] Briarmaw: falling back to scripted AI (Model 'llama3.1' not found on http://localhost:11434/api/chat (model 'llama3.1' not found). Run `ollama list` to see exact model names, then pass --model <name> (or `ollama pull llama3.1` if it's genuinely missing).)
[hub_server:http] "GET /assets/SFX/10_Battle_SFX/22_Slash_04.wav HTTP/1.1" 200 -
[hub_server:http] "GET /assets/SFX/10_Battle_SFX/22_Slash_04.wav HTTP/1.1" 200 -
[ai] Briarmaw: falling back to scripted AI (Model 'llama3.1' not found on http://localhost:11434/api/chat (model 'llama3.1' not found). Run `ollama list` to see exact model names, then pass --model <name> (or `ollama pull llama3.1` if it's genuinely missing).)
[hub_server:http] "GET /assets/SFX/10_Battle_SFX/22_Slash_04.wav HTTP/1.1" 200 -
[hub_server:http] "GET /assets/SFX/10_Battle_SFX/22_Slash_04.wav HTTP/1.1" 200 -
[hub_server:http] "GET /assets/SFX/10_Battle_SFX/69_Enemy_death_01.wav HTTP/1.1" 200 -
[hub_server:ws] client disconnected
[hub_server:http] "GET /assets/Portraits/Kael.webp HTTP/1.1" 200 -
[hub_server:http] "GET /assets/Music/Main/Main.mp3 HTTP/1.1" 200 -
[hub_server:http] "GET /?view=3d&scene=forest&cleared=fq_boss HTTP/1.1" 200 -
[hub_server:http] "GET /battle/battlemap.js HTTP/1.1" 200 -
[hub_server:http] "GET /hub3d/hub3d.js HTTP/1.1" 200 -
[hub_server:http] "GET /hub3d/jrpgmenu.js HTTP/1.1" 200 -
[hub_server:http] "POST /api/story/slave HTTP/1.1" 200 -
[hub_server:http] "GET /hub3d/envfx.js HTTP/1.1" 200 -
[hub_server:http] "GET /assets/Artwork/Background.webp HTTP/1.1" 200 -
[hub_server:http] "GET /api/state HTTP/1.1" 200 -
[hub_server:http] "GET /hub3d/forest.json HTTP/1.1" 200 -
[hub_server:http] "GET /assets/Music/Main/Main.mp3 HTTP/1.1" 200 -
[hub_server:http] "GET /assets/Bosses/ColliseumChamp/ColliseumChamp-Portrait.webp HTTP/1.1" 200 -
[hub_server:http] "GET /assets/Portraits/Bran.webp HTTP/1.1" 200 -
[hub_server:http] "GET /hub3d/sprites.json HTTP/1.1" 200 -
[hub_server:http] "GET /assets/3D/Paradise/SM_forest_ground.glb HTTP/1.1" 200 -
[hub_server:http] "GET /assets/3D/kenney_retro-fantasy-kit/Models/GLB%20format/tree-large.glb HTTP/1.1" 200 -
[hub_server:http] "GET /assets/3D/kenney_retro-fantasy-kit/Models/GLB%20format/tree-shrub.glb HTTP/1.1" 200 -
[hub_server:http] "GET /assets/3D/Paradise/SM_Plant_01.glb HTTP/1.1" 200 -
[hub_server:http] "GET /assets/3D/Paradise/SM_rock_01.glb HTTP/1.1" 200 -
[hub_server:http] "GET /assets/3D/Paradise/SM_rock_02.glb HTTP/1.1" 200 -
[hub_server:http] "GET /assets/3D/GodCity/SM_flowers_02.glb HTTP/1.1" 200 -
[hub_server:http] "GET /assets/3D/Paradise/SM_Plant_02.glb HTTP/1.1" 200 -
[hub_server:http] "GET /assets/3D/Paradise/SM_grass_02.glb HTTP/1.1" 200 -
[hub_server:http] "GET /assets/3D/Paradise/SM_Plant_03.glb HTTP/1.1" 200 -
[hub_server:http] "GET /assets/3D/Paradise/SM_grass_01.glb HTTP/1.1" 200 -
[hub_server:http] "GET /assets/3D/GodCity/SM_flowers_01.glb HTTP/1.1" 200 -
[hub_server:http] "GET /assets/3D/kenney_retro-fantasy-kit/Models/GLB%20format/wall-pane-wood-window.glb HTTP/1.1" 200 -
[hub_server:http] "GET /assets/3D/kenney_retro-fantasy-kit/Models/GLB%20format/wall-pane-wood-door.glb HTTP/1.1" 200 -
[hub_server:http] "GET /assets/3D/kenney_retro-fantasy-kit/Models/GLB%20format/wall-pane-wood.glb HTTP/1.1" 200 -
[hub_server:http] "GET /assets/3D/Paradise/SM_pillar.glb HTTP/1.1" 200 -
[hub_server:http] "GET /assets/3D/kenney_retro-fantasy-kit/Models/GLB%20format/roof-high-side-brown.glb HTTP/1.1" 200 -
[hub_server:http] "GET /assets/3D/kenney_retro-fantasy-kit/Models/GLB%20format/barrels.glb HTTP/1.1" 200 -
[hub_server:http] "GET /assets/3D/Paradise/SM_waterfall.glb HTTP/1.1" 200 -
[hub_server:http] "GET /assets/3D/kenney_retro-fantasy-kit/Models/GLB%20format/detail-crate.glb HTTP/1.1" 200 -
[hub_server:http] "GET /assets/3D/kenney_retro-fantasy-kit/Models/GLB%20format/structure-poles.glb HTTP/1.1" 200 -
[hub_server:http] "GET /assets/3D/GodCity/SM_market_tent_01.glb HTTP/1.1" 200 -
[hub_server:http] "GET /assets/3D/GodCity/SM_brasero.glb HTTP/1.1" 200 -
[hub_server:http] "GET /assets/3D/Paradise/SM_table_02.glb HTTP/1.1" 200 -
[hub_server:http] "GET /assets/3D/kenney_retro-fantasy-kit/Models/GLB%20format/fence.glb HTTP/1.1" 200 -
[hub_server:http] "GET /assets/3D/Paradise/SM_bed.glb HTTP/1.1" 200 -
[hub_server:http] "GET /assets/3D/GodCity/SM_bush_02.glb HTTP/1.1" 200 -
[hub_server:http] "GET /assets/3D/GodCity/SM_bush_01.glb HTTP/1.1" 200 -
[hub_server:http] "GET /assets/3D/kenney_retro-fantasy-kit/Models/GLB%20format/detail-crate-small.glb HTTP/1.1" 200 -
[hub_server:http] "GET /assets/3D/GodCity/SM_market_tent_02.glb HTTP/1.1" 200 -
[hub_server:http] "GET /assets/3D/kenney_retro-fantasy-kit/Models/GLB%20format/column.glb HTTP/1.1" 200 -
[hub_server:http] "GET /assets/3D/kenney_retro-fantasy-kit/Models/GLB%20format/column-wood.glb HTTP/1.1" 200 -
[hub_server:http] "GET /assets/3D/kenney_retro-fantasy-kit/Models/GLB%20format/structure.glb HTTP/1.1" 200 -
[hub_server:http] "GET /assets/3D/GodCity/SM_circular_terrace.glb HTTP/1.1" 200 -
[hub_server:http] "GET /assets/3D/kenney_retro-fantasy-kit/Models/GLB%20format/wall-pane-paint-door.glb HTTP/1.1" 200 -
[hub_server:http] "GET /assets/3D/kenney_retro-fantasy-kit/Models/GLB%20format/wall-pane-paint-window.glb HTTP/1.1" 200 -
[hub_server:http] "GET /assets/3D/kenney_retro-fantasy-kit/Models/GLB%20format/floor-flat.glb HTTP/1.1" 200 -
[hub_server:http] "GET /assets/3D/kenney_retro-fantasy-kit/Models/GLB%20format/wall-pane-paint.glb HTTP/1.1" 200 -
[hub_server:http] "GET /assets/3D/kenney_retro-fantasy-kit/Models/GLB%20format/Textures/tree.png HTTP/1.1" 200 -
[hub_server:http] "GET /assets/3D/kenney_retro-fantasy-kit/Models/GLB%20format/roof.glb HTTP/1.1" 200 -
[hub_server:http] "GET /assets/3D/kenney_retro-fantasy-kit/Models/GLB%20format/Textures/details.png HTTP/1.1" 200 -
[hub_server:http] "GET /assets/3D/kenney_retro-fantasy-kit/Models/GLB%20format/Textures/cobblestone.png HTTP/1.1" 200 -
[hub_server:http] "GET /assets/3D/kenney_retro-fantasy-kit/Models/GLB%20format/Textures/planks.png HTTP/1.1" 200 -
[hub_server:http] "GET /assets/3D/kenney_retro-fantasy-kit/Models/GLB%20format/Textures/cobblestoneAlternative.png HTTP/1.1" 200 -
[hub_server:http] "GET /assets/3D/kenney_retro-fantasy-kit/Models/GLB%20format/Textures/roof-brown.png HTTP/1.1" 200 -
[hub_server:http] "GET /assets/3D/kenney_retro-fantasy-kit/Models/GLB%20format/Textures/barrel.png HTTP/1.1" 200 -
[hub_server:http] "GET /assets/3D/kenney_retro-fantasy-kit/Models/GLB%20format/Textures/fence.png HTTP/1.1" 200 -
[hub_server:http] "GET /assets/3D/kenney_retro-fantasy-kit/Models/GLB%20format/Textures/cobblestonePainted.png HTTP/1.1" 200 -
[hub_server:http] "GET /assets/3D/kenney_retro-fantasy-kit/Models/GLB%20format/Textures/roof.png HTTP/1.1" 200 -
[hub_server:http] "GET /hub3d/npc/Walk-South.webp HTTP/1.1" 200 -
[hub_server:http] "GET /hub3d/npc/Walk-North.webp HTTP/1.1" 200 -
[hub_server:http] "GET /hub3d/npc/Walk-East.webp HTTP/1.1" 200 -
[hub_server:http] "GET /hub3d/npc/Walk-West.webp HTTP/1.1" 200 -
[hub_server:http] "GET /hub3d/npc/Draven.webp HTTP/1.1" 200 -
[hub_server:http] "GET /hub3d/npc/Rook.webp HTTP/1.1" 200 -
[hub_server:http] "GET /hub3d/npc/Yulia.webp HTTP/1.1" 200 -
[hub_server:http] "GET /hub3d/npc/Sera.webp HTTP/1.1" 200 -
[hub_server:http] "GET /hub3d/npc/Kael.webp HTTP/1.1" 200 -
[hub_server:http] "GET /hub3d/stills.json HTTP/1.1" 200 -
[hub_server:http] "GET /hub3d/sidequests.json HTTP/1.1" 200 -
[hub_server:http] "GET /assets/Music/mp3/07.%20Spirits%20Forest%20(intro).mp3 HTTP/1.1" 200 -
[hub_server:http] "GET /assets/Music/mp3/28.%20Holy%20Sanctuary.mp3 HTTP/1.1" 200 -
[hub_server:http] "GET /assets/SFX/10_UI_Menu_SFX/013_Confirm_03.wav HTTP/1.1" 200 -
[hub_server:http] "GET /hub3d/forest.json HTTP/1.1" 200 -
[hub_server:http] "GET /hub3d/sprites.json HTTP/1.1" 200 -
[hub_server:http] "GET /assets/Music/mp3/07.%20Spirits%20Forest%20(intro).mp3 HTTP/1.1" 200 -
[hub_server:http] "GET /hub3d/npc/Walk-South.webp HTTP/1.1" 200 -
[hub_server:http] "GET /hub3d/npc/Walk-East.webp HTTP/1.1" 200 -
[hub_server:http] "GET /hub3d/npc/Walk-North.webp HTTP/1.1" 200 -
[hub_server:http] "GET /hub3d/npc/Walk-West.webp HTTP/1.1" 200 -
[hub_server:http] "GET /hub3d/npc/Draven.webp HTTP/1.1" 200 -
[hub_server:http] "GET /hub3d/npc/Rook.webp HTTP/1.1" 200 -
[hub_server:http] "GET /hub3d/npc/Yulia.webp HTTP/1.1" 200 -
[hub_server:http] "GET /hub3d/npc/Kael.webp HTTP/1.1" 200 -
[hub_server:http] "GET /hub3d/npc/Sera.webp HTTP/1.1" 200 -
[hub_server:http] "GET /hub3d/stills.json HTTP/1.1" 200 -
[hub_server:http] "GET /api/state HTTP/1.1" 200 -
[hub_server:http] "GET /assets/Portraits/Kael.webp HTTP/1.1" 200 -
[hub_server:http] "GET /assets/Music/mp3/07.%20Spirits%20Forest%20(loop).mp3 HTTP/1.1" 200 -
[hub_server:http] "GET /api/menu/state HTTP/1.1" 200 -
[hub_server:http] "GET /assets/SFX/10_UI_Menu_SFX/013_Confirm_03.wav HTTP/1.1" 200 -
[hub_server:http] "GET /assets/SFX/10_UI_Menu_SFX/029_Decline_09.wav HTTP/1.1" 200 -
[hub_server:http] "GET /api/menu/state HTTP/1.1" 200 -
[hub_server:http] "GET /assets/SFX/10_UI_Menu_SFX/013_Confirm_03.wav HTTP/1.1" 200 -
[hub_server:http] "GET /assets/SFX/10_UI_Menu_SFX/029_Decline_09.wav HTTP/1.1" 200 -
[hub_server:http] "GET /api/menu/state HTTP/1.1" 200 -
[hub_server:http] "GET /assets/SFX/10_UI_Menu_SFX/013_Confirm_03.wav HTTP/1.1" 200 -
[launcher] window closed -- shutting down.
